,abscisse,0,6,8,9,14,15,16,18,20,21,23,24,29,31,32,33,35,37,38,39,40,41,42,43,46,47,48,49,51,53,56,57,59,60,61,62,63,67,71,72,73,74,75,76,77,78,79,80,81,82,84
0,0.25,0.02359497861435718,0.0,0.007905720424040152,0.0,0.0,0.0,0.0,0.02001696989640103,0.0,0.0,0.34490017144504165,0.0,0.0,0.0,0.0,0.0,0.0,0.0,0.0,0.7418404118242864,0.04285915491351745,0.22542635462308794,0.016080163012703992,0.22629680237372068,0.0,0.5726246518204537,0.005002812749676072,0.0562831844065922,0.0,0.0,0.0,0.7069901821995641,0.00642467077419971,0.7069901821995641,0.0,0.0,0.0,0.4566131575112977,0.0,0.0,0.044183848819727575,0.11268853913925106,0.03374532983793831,0.020896346064608558,0.3843774853372457,9.150751181041611e-25,0.464428663779729,0.0,2.3808766205471286e-05,0.20997982655373135,0.2786937195056351
1,0.75,0.02890490812982307,0.0,0.008665245053579735,0.0,0.0,0.0,0.0,0.022656078761701122,0.0,0.0,0.14315314677498078,2.2727739038553975e-08,0.0,0.0,0.0,0.0,0.0,0.0,0.0,0.34251707544937776,0.06467366527384624,0.1443981722626686,0.018130509348462758,0.20816038067040238,0.0,0.8331639521974968,0.006070296132232109,0.07609437727128841,0.0,0.0,0.0,0.22838531591072883,0.006873942082955033,0.22838531591072883,0.0,0.0,0.0,0.2772874115192691,0.0,0.0,0.05849412642511269,0.18235426957665973,0.05281511575555891,0.030984582382832724,0.4242893974542035,2.0155870788600023e-20,0.27975684723085603,0.0,8.515762584898044e-05,0.18574626570300415,0.19378594807871188
2,1.25,0.03348610067107641,0.0,0.009479433758556342,0.0,0.0,0.0,0.0,0.025619418102860978,0.0,0.0,0.09495428533237998,0.7979936072719561,0.0,0.9795373732926713,0.06312567492462796,0.0,0.0,0.3315273528042652,0.0,0.2044318174991034,0.10528101848514512,0.1170181078915711,0.020372377833812197,0.1651476505630997,0.0,0.3935587839676112,0.007260602403350971,0.08863287769045339,0.0,0.0,0.0,0.082426786340891,0.007343888414897813,0.082426786340891,0.0,0.0,0.0,0.2045496277889533,0.0,0.3855898799871722,0.0681241004175478,0.2750481293075902,0.08583357611883216,0.04452240656984908,0.31438309806735043,1.6332471263339103e-16,0.20535434269488523,0.0,0.00024853889697915054,0.15190296970621606,0.1442104641385885
3,1.75,0.03738875647323466,0.0,0.010349511041665177,0.0,0.0,0.0,0.0,0.02893806985089339,3.732175815620103e-07,0.0,0.07232610060887212,0.3671374322546259,3.732175815620103e-07,0.3727763848869728,0.06113299997227577,0.0,0.0,0.18999537240671419,0.0,0.13160981417852372,0.18471232174579877,0.1015350111479981,0.022806236605951886,0.1303563022245723,0.0,0.06035419426688332,0.00856885954787502,0.09502607052258734,0.0,0.0,0.0,0.024518895646010227,0.007834493616829148,0.024518895646010227,0.0,0.0,0.0,0.1598557641115611,0.0,0.15242497905817753,0.07370224110549468,0.3228795061278374,0.14223327208591494,0.061765304209235664,0.2115447797119045,4.86864106605802e-13,0.15984383228317037,0.0,0.0006143386499382222,0.12350079892640506,0.11242199363160571
4,2.25,0.04066740175559742,0.0,0.01127630772349399,0.0,0.0,0.0,0.0,0.03264272897095184,0.8140681741976438,0.1881396120039493,0.05890804982856801,0.19295783950088813,0.8140681741976438,0.18197647522432556,0.059203232237544104,0.0,0.26543927497748965,0.14576598805806662,0.4085618833514097,0.08788982963013653,0.3152520208584876,0.09099478804067723,0.025427915311186627,0.10471176338372885,0.0,0.0030048583962526596,0.00998727849144933,0.09695379060513033,0.0,0.0,0.3634837875419787,0.0056294147444673585,0.008345644939045554,0.0056294147444673585,0.0,0.0,0.0,0.12849855759188805,0.0,0.09690757464489752,0.07621153554198612,0.26487956052532674,0.22765692038700813,0.08242529628443855,0.14150823522686168,5.339113229525704e-10,0.12803460835741076,0.0,0.0013238747627048377,0.10149150758584166,0.09065525827901513
5,2.75,0.04337693406305901,0.0,0.012260198063425452,0.0,0.0,0.0,0.0,0.03676211217883048,0.3662868971248801,0.10927548150612015,0.049908033138126855,0.11207954938001716,0.3662868971248801,0.10286060167437534,0.057334385634310925,0.0,0.19087106469447276,0.12159808762077125,0.27136004300738675,0.05997012612265971,0.36606146375286325,0.0830626599961317,0.02822772921194732,0.08581454572853457,0.0,4.856901242603474e-05,0.01150536225972357,0.0958811846350034,0.0,0.0,0.1857330441274231,0.0009725823433590599,0.008877127103175031,0.0009725823433590599,0.0,0.0,0.0,0.10503827789301964,0.0,0.07093727990907697,0.07654800689489044,0.17287213735949034,0.3148556529641997,0.10544690623887198,0.09679586426603493,2.1539520085086552e-07,0.10431738686852414,0.0,0.0025447381520154423,0.08459441380274514,0.07500762848618882
6,3.25,0.04557067078644315,0.0,0.013301036335976357,0.0,0.0,0.7406985536379146,0.0,0.04132069067529841,0.18830516808992376,0.08482184279054904,0.043388122164785,0.06952900203022225,0.18830516808992376,0.06404506672129771,0.05552453678536516,0.0,0.1450404002898352,0.10545473201920995,0.19302368666482028,0.04149904397474906,0.24506854853937787,0.07670071389311332,0.031189663691856818,0.0716313053450149,0.0,2.5486678633568566e-07,0.013110211186200715,0.09290618168019782,0.0,0.0,0.13530227156799327,0.00012486745899997076,0.009428616754659624,0.00012486745899997076,0.0,0.0,0.0,0.08682182099440972,0.0,0.05562757450122282,0.07541289400724449,0.10677321833623231,0.32994297212732565,0.1289181857576498,0.06821633116294847,3.1967482213810956e-05,0.08596003781507293,0.0,0.004443548963932455,0.07150186522724152,0.06332876884250008
7,3.75,0.04729935707967875,0.0,0.014398094217035107,0.0,0.0,0.3218411981371039,0.0,0.0463355515324251,0.10696187189280243,0.07173195762958158,0.03840792377827813,0.04514643231817906,0.10696187189280243,0.042709756435608,0.053771823042275325,0.0,0.11463707692476287,0.09344006027866074,0.14417531589289997,0.029000742296529824,0.1379137497869478,0.07136799899007931,0.034290687876272895,0.06075546992257876,0.0,4.3419610249405905e-10,0.014786903048420067,0.08879935222924547,0.0,0.0,0.10926692996203678,1.182888979055988e-05,0.009999677377181968,1.182888979055988e-05,0.0,0.0,0.0,0.07233577849280336,0.0,0.04544505771920973,0.07332036743562836,0.06765864144025299,0.25585255949038144,0.15022602107475763,0.0495424171962147,0.0017453653900915203,0.07140612849706184,0.0,0.00715341805090173,0.0612110588187145,0.05434809950286293
8,4.25,0.04861067876243301,0.0,0.015550000521753737,0.0,0.34477610597833747,0.18733531283886456,0.0,0.05181216574267664,0.06487967927315996,0.06324065524987671,0.034453381843195026,0.030307181041062385,0.06487967927315996,0.02997928716198225,0.052074440567788566,0.0,0.09331678997352272,0.08387017622441381,0.11170123561265846,0.020412810577050362,0.0814069932075028,0.06675192974276424,0.0375002750064635,0.05224353237084739,0.0,2.401470778685717e-13,0.01651892532435969,0.0840829771530915,0.0,0.0,0.09265554936264374,8.231675518119542e-07,0.010589754746666923,8.231675518119542e-07,0.0,0.0,0.0,0.06062555731081069,0.0,0.038149244260902174,0.07063517227594025,0.04490429903443715,0.16451393646350249,0.1664993095021541,0.03699540614029516,0.03505660098713708,0.059675304241042185,0.0,0.010745266669607312,0.05299945274398807,0.04727242921793103
9,4.75,0.04954905817250291,0.0,0.01675468500262339,0.0,0.13505406833500067,0.11892214324045838,0.0,0.05773883076637597,0.041187824785455754,0.057141553205073435,0.0312187213561388,0.02086717983619584,0.041187824785455754,0.02189608759383937,0.05043064247864541,0.0,0.07772136730735879,0.07588886079185629,0.08903658524731131,0.014446318261018932,0.0520537496104308,0.06265838579554248,0.04078021100729996,0.045457736827262445,0.0,4.3120858634494547e-17,0.018288636731061698,0.07910286643774468,0.0,0.0,0.08078547873321662,4.195693741358722e-08,0.011198173001842601,4.195693741358722e-08,0.0,0.0,0.0,0.0510459941581741,0.0,0.03265090080414331,0.06761105864594699,0.031200871095192914,0.09950454976563786,0.17526051707845502,0.02832258264711602,0.2590351913317835,0.05010599957293553,0.0,0.015210275116277653,0.04635186209314214,0.04158408212361477
10,5.25,0.05015561491455672,0.0,0.018009328052567986,0.0,0.08694489010677925,0.07875936450265028,0.0,0.06407958017121577,0.027031497325202613,0.05247177009484765,0.028510188298300945,0.014655939152755726,0.027031497325202613,0.016507384092701874,0.048838737047743164,0.0,0.06592850174652258,0.06901288644078916,0.0726016578251597,0.010266900584022267,0.03564432917886893,0.05896030345946944,0.04408476927865942,0.03995897716840081,0.5568831910522944,2.513715953884208e-21,0.020077736539742944,0.07408318629869379,0.0,0.0,0.071676231214914,1.5631380901529197e-09,0.011824131406511472,1.5631380901529197e-09,0.1887741897159931,0.0,0.0,0.04313890668820148,0.0,0.02835321409671283,0.0644220696876146,0.022564787383243457,0.060696002238815425,0.1750813123870952,0.022165151311965458,0.704130653528599,0.042229158001141485,0.0,0.02045669853147924,0.040898550226424114,0.03693256594019056
11,5.75,0.050468224617184046,0.0,0.019310318253392213,0.0,0.06472371046841527,0.05349117031767937,0.0,0.07076544182140275,0.01819498617071732,0.0487352985382585,0.026198825047217926,0.010459599580157805,0.01819498617071732,0.012771196126808985,0.04729708596167081,0.0,0.05676878330127671,0.06294917145921422,0.060310606205437774,0.007320856579870077,0.02575054239387623,0.05557115977931293,0.04736131736593459,0.03543851859657791,0.2573356018472683,4.7573347408339393e-26,0.021867722516771167,0.06916557778670218,0.0,0.0,0.06433445107014549,4.250304976755838e-11,0.012466701876458031,4.250304976755838e-11,0.15680356332077025,0.0,0.0,0.03656674382680552,0.0,0.024900201770313237,0.06118596631747441,0.016878869120184294,0.03832714234889073,0.1659915481541845,0.017685234638933404,0.704130653528599,0.03569982693928063,0.0,0.02632012940635456,0.03637080976321466,0.03307314812761629
12,6.25,0.050521635921154925,0.0,0.020653219754358517,0.2214498186707509,0.051644650076192344,0.036942314117517305,0.0,0.07768412202929818,0.012492635230639535,0.0456472751072175,0.02419535770550472,0.007563673534453159,0.012492635230639535,0.010095741322677923,0.04580410263467063,0.0,0.049495304784555404,0.05751044827044522,0.0508817930852441,0.005234005135909518,0.019393684752499182,0.05243023169108539,0.05055139882316685,0.0316747616767406,0.1681241045799578,2.9230074883549354e-31,0.023640321374637886,0.06443622845174812,0.0,0.0,0.05820349894131125,8.425308699946854e-13,0.01312482733919015,8.425308699946854e-13,0.13227357670994858,0.0,0.0,0.03107380485673216,0.0,0.022065584579602723,0.05798111504704879,0.012987095114874734,0.025200301249170696,0.14947050593920316,0.014352975839979432,0.2590351913317835,0.03025718635513561,0.0,0.0325833982562913,0.032570508041058745,0.02983039225143044
13,6.75,0.05034762116259096,0.0,0.02203275144939699,0.18314887011848693,0.04289272561482555,0.02581907291126052,0.0,0.08466855442914306,0.008715653374779142,0.04303095227486424,0.02243596275821731,0.005530098425699719,0.008715653374779142,0.008127351310787142,0.04435825057514158,0.0,0.043611585444618385,0.05257227208133225,0.04349274595194668,0.0037500092968663096,0.01509330998267375,0.04949389824607822,0.053592301438360204,0.028505541060115623,0.12172257076495424,5.830621543781912e-37,0.025377879013464236,0.05994434162736122,0.0,0.0,0.05294618183699598,1.2165242891918262e-14,0.013797320991015723,1.2165242891918262e-14,0.11304826831763184,0.0,0.0,0.026462169884733492,0.0,0.019698225598955715,0.054858446825223325,0.010232331203088156,0.017221319738353707,0.12802416335388359,0.0118246839236353,0.03505660098713708,0.025699747684501197,0.0,0.03900114439916968,0.02934939026890923,0.027075652546931235
14,7.25,0.04997514520426173,0.0,0.023442779836049206,0.15353818654760165,0.03654686446505376,0.0182067412999809,0.7642881488061689,0.09148534913776674,0.006161071007949787,0.04077012595326559,0.020873771021530745,0.004081242089725839,0.006161071007949787,0.006645498867093646,0.04295804180386622,0.0,0.03877642292718308,0.0480493549258331,0.037596162560389584,0.0026914139088299624,0.012059972006428846,0.04673025257302108,0.05641908270286823,0.025810055698414602,0.09266189878844101,3.775882627296694e-43,0.02706370131805192,0.05571465539082121,0.5291893011706749,0.16637140466444397,0.048346120764975,1.2785905073291715e-16,0.014482866509006117,1.2785905073291715e-16,0.09770545080228091,0.0,0.0,0.022576017111941918,0.0,0.017693089486455264,0.0518498563302723,0.008225240890096852,0.012181410218860973,0.10452493602836738,0.009871933848288574,0.0017453653900915203,0.021869200170970986,0.0,0.04532439760341387,0.026594942126333284,0.02471271121897585
15,7.75,0.04943054238339518,0.0,0.02487632727816172,0.13023509569844502,0.0316851702089704,0.012928099285924453,0.3411659100444771,0.09782507697466981,0.004403421919122188,0.03878487558690317,0.019473573550844073,0.003036269779376922,0.004403421919122188,0.005507648031649467,0.04160203532218766,0.0,0.03474860832154975,0.04388172054684631,0.032816481369983184,0.0019343611612393083,0.009845821883707966,0.0441156257671181,0.058966978260849,0.023496847696178172,0.07267570612143616,7.938543458249077e-50,0.028682339628936057,0.05175590447410687,0.25650246472066673,0.14310809825975324,0.044258176850032194,9.776495161707014e-19,0.015180019269369372,9.776495161707014e-19,0.08526876044291645,0.0,0.0,0.01929098831172271,0.0,0.015974765560124008,0.04897408243368073,0.006726052739339898,0.008879318327708533,0.08156508379945596,0.00833941375890888,3.1967482213810956e-05,0.018639461865537478,0.0,0.051321703537575564,0.024220627795371822,0.02266834219287593
16,8.25,0.048737695039191314,0.0,0.026325597153524585,0.11160977496519218,0.02780864585282846,0.009230902179355379,0.19816960004001616,0.10329755271265895,0.003176729504953994,0.0370182164528951,0.01820840094036887,0.002274669243845864,0.003176729504953994,0.004618790839277488,0.04028883562855888,0.0,0.03135343290226169,0.04002619629417325,0.02888909882827842,0.0013918381955842277,0.008183037180416134,0.04163226563847801,0.06117407383333611,0.021495647318589422,0.05814048586380087,5.418534903180676e-57,0.03021981806636474,0.04806653196333044,0.17242083847594394,0.12426014676604007,0.040581516329787806,5.436073136101994e-21,0.015887208614489445,5.436073136101994e-21,0.07505004667396,0.0,0.0,0.0165067342934265,0.0,0.014487621263124749,0.046240822524031805,0.005581856785512414,0.006642906711240886,0.061024184400538216,0.007119276545616989,2.1539520085086552e-07,0.01590900890576838,0.0,0.056794813360688534,0.022159060388105282,0.020885951554347245
17,8.75,0.047918209357090034,0.0,0.027782017046163836,0.09651936308244007,0.024623184686457633,0.006620975624191377,0.1244605050527411,0.10743675824878432,0.002310233306736225,0.03542830061010386,0.0170572434258189,0.0017145579163292824,0.002310233306736225,0.003913885439949948,0.0390170912819369,0.0,0.028461659186105385,0.036450971008027064,0.025623267000035546,0.001002395898759304,0.006904125979761233,0.03926674010794979,0.06298408153234562,0.019751736571581833,0.04717336557673939,1.200719687736554e-64,0.031663802546345425,0.04463853919988041,0.12770686742048515,0.1087932486218681,0.03724404418966917,2.1972568594212935e-23,0.01660274120363366,2.1972568594212935e-23,0.06655309358015471,0.0,0.0,0.014141542255876573,0.0,0.01318965903388011,0.043653612443857494,0.004692054482000451,0.0050829781881231075,0.04392482859137817,0.006135169804815751,5.339113229525704e-10,0.013595350809964107,0.0,0.06158831790427472,0.020357157659404355,0.019321193849893857
18,9.25,0.0469915857781724,0.0,0.029236300743518188,0.08414484198632034,0.021944053759787984,0.004766938092115537,0.08120725700706308,0.109721463872781,0.0016918390544038212,0.033983631574479006,0.016003489953403845,0.0012993712972300029,0.0016918390544038212,0.0033473511404468535,0.037785493510542424,0.0,0.025975903502524735,0.0331319993147446,0.022878690121764425,0.0007224535988074206,0.005900271705767238,0.03700881058590264,0.06434903352424996,0.018221984783605517,0.03868162466590813,8.638137165707277e-73,0.033003713528920516,0.04146007423473004,0.09917771636949754,0.09595655504227821,0.03419294517019583,6.454149790949637e-26,0.017324805470765533,6.454149790949637e-26,0.0594128521044559,0.0,0.0,0.012128371869942043,0.0,0.012048541883934191,0.041211843678606,0.003988607441430801,0.00396625219376386,0.030529104454061033,0.005332069033101595,4.86864106605802e-13,0.01163095766323878,0.0,0.06559361998470735,0.018772658600207957,0.017938889086754537
19,9.75,0.04597538224349446,0.0,0.030678529327931966,0.073887878397156,0.01964933591739114,0.003443055723801585,0.05420154143542965,0.10961827863301074,0.001246569138627116,0.0326600065334185,0.015033834083472135,0.000989472239151403,0.001246569138627116,0.0028865789980197514,0.03659277486455213,0.0,0.02382157658780383,0.030050564275798046,0.02055033264159834,0.0005209953850670238,0.005098427410696651,0.03485061918348346,0.06523169483512885,0.01687201450205031,0.031980016166182776,2.017517303241918e-81,0.03423078626197927,0.038517164093699076,0.07922280432245281,0.08519482846250333,0.03138869224887094,1.3773674972601432e-28,0.018051477203141115,1.3773674972601432e-28,0.053355973592538804,0.0,0.0,0.010411872117884082,0.0,0.011038940875012018,0.038912176494566034,0.0034243540753095022,0.003148265289460448,0.020565505210728165,0.004669668022857938,1.6332471263339103e-16,0.009960197877429902,0.0,0.06874824986851603,0.017371585313710483,0.016710815108781925
20,10.25,0.04488536924205026,0.0,0.032098251120614534,0.06530381342851214,0.01765531120345994,0.002493659714916335,0.03672561359534048,0.10665259455398804,0.0009234626467090276,0.03143849434314658,0.014137491054610124,0.0007567379146809683,0.0009234626467090276,0.0025078076895559765,0.03543770791133645,0.0,0.021940711325178063,0.027191593300889064,0.018558305115059206,0.0003758840984188712,0.004448150423039679,0.03278609102370467,0.06560750606829902,0.015674144711876708,0.02661359540506266,1.529794686619015e-90,0.035338083541849495,0.03579486485039346,0.06447755729377139,0.07609067373775202,0.028801117156747057,2.1351069419854807e-31,0.01878072624307442,2.1351069419854807e-31,0.04817452372084086,0.0,0.0,0.008946097996948059,0.35364057729298604,0.010140716534376946,0.03674952906605636,0.0029658798713644986,0.0025368308402728356,0.013477471584334523,0.004117996511429846,2.0155870788600023e-20,0.008536996861036443,0.0,0.07103178693483658,0.01612637027133094,0.015614100918080123
21,10.75,0.04373567611313983,0.0,0.03348459965942674,0.05805708509707679,0.01590257376053622,0.001810340451917382,0.025152835668143515,0.10050802270446317,0.000687401087541865,0.03030405865815668,0.013305627105670792,0.0005809965028091342,0.000687401087541865,0.002193435744066381,0.034319103971898954,0.0,0.020287667616436997,0.02454247966712257,0.01684097776806302,0.000271282051488051,0.00391373731540893,0.030810487507439432,0.06546589665178852,0.014605877261519426,0.02226690141715137,3.765890916953294e-100,0.03632046683996416,0.03327801530346899,0.053180741521774044,0.0683256587948377,0.026406756622688515,2.403633556638068e-34,0.019510424302821527,2.403633556638068e-34,0.04370807863368894,0.0,0.0,0.007692737486907974,0.1558853535589168,0.009337642325094783,0.03471776813583934,0.0025890418065943554,0.002071495715916526,0.008623916435399927,0.003654460768272853,9.150751181041611e-25,0.007323021074202423,0.0,0.07245964896446087,0.01501445802755459,0.014630040014346167
22,11.25,0.042538928387609816,0.0,0.03482642828835771,0.051890935904108086,0.014347782969035586,0.0013169957554822604,0.017365804230703174,0.09114483254748926,0.0005138915954435614,0.029244596237734358,0.012530936610457611,0.0004476396223932471,0.0005138915954435614,0.0019302300251211155,0.033235811897216354,0.0,0.018826086401183443,0.022092252962760028,0.015350196559950189,0.00019583601893396089,0.0034693633157984478,0.028920067837021547,0.0648108576473352,0.013648768607578023,0.018713632012182794,3.0096849169531946e-110,0.03717453209319745,0.030951720689554894,0.0443031093828392,0.061653601862045,0.024187015418384774,1.9648367043079228e-37,0.020238353870274024,1.9648367043079228e-37,0.039831283618143296,0.0,0.0,0.00661971758728959,0.1074313301164006,0.008616489801466159,0.032810189027491644,0.002276086047338568,0.0017116268572907624,0.005406840517774595,0.0032618106841505435,1.528331082317441e-29,0.00628625217725438,0.0,0.07307584907562877,0.014017249483040187,0.013743202118439256
23,11.75,0.04130637618302677,0.0,0.036112459328440115,0.04660642964354979,0.012958545784696194,0.0009598501647235143,0.0120646465675716,0.07891236490214544,0.0003856719065424838,0.028250250141524994,0.011807324072418617,0.00034599740337085664,0.0003856719065424838,0.0017081072008245882,0.03218671688321904,0.0,0.017526692427570326,0.019830996124729307,0.014047899214408379,0.0001413940805524987,0.0030959872907836286,0.027111829744751154,0.06366072494934516,0.012787578708998378,0.0157869846243304,7.808957072345732e-121,0.03789851658228951,0.028801652772595283,0.037194740229323,0.055881873454260406,0.022126868362016123,1.1660952784603323e-40,0.02096221817097864,1.1660952784603323e-40,0.03644505040518197,0.0,0.0,0.005700096619723727,0.08458856021981909,0.007966360755586715,0.031019846669167628,0.002013748200132215,0.0014292976496769836,0.003332366690867559,0.0029267209555489198,9.390390715950293e-35,0.005399855576979914,0.0,0.07294558333949366,0.01311929639855572,0.012940760044982569
24,12.25,0.04004801382590141,0.0,0.0373314452116221,0.04204766249040058,0.011710124380793233,0.000700695068857221,0.008423686353033677,0.06461283762141094,0.00029046288699724053,0.027312909522179733,0.01112966176414706,0.00026821719319692613,0.00029046288699724053,0.00151928964043896,0.031170739323191737,0.0,0.01636568465513787,0.017749440187873142,0.012903682065247085,0.00010209494575526755,0.002779327986341313,0.025383309254112113,0.062047191538306824,0.012009621863043276,0.013361280414290352,6.577846685910588e-132,0.03849218318908856,0.026814225463076383,0.031421069417482815,0.05085808630587577,0.020213927571229695,5.023868983517582e-44,0.02167965213832423,5.023868983517582e-44,0.03347022649656626,0.0,0.0,0.004911175843723832,0.0711207385460598,0.007378191550122745,0.029339781091505472,0.0017919745399839206,0.0012049236213185926,0.002025148328758098,0.002638786130593431,2.1225376278304325e-40,0.004641274343077264,0.0,0.07214826017709029,0.012307680786567179,0.012211973834262492
25,12.75,0.03877269098059768,0.0,0.03847233841667539,0.03809117425544679,0.010583251877351095,0.0005122556997531092,0.005905580436285427,0.049463890131058105,0.00021945824230998077,0.026425838905013224,0.010493602772175373,0.00020848021281206144,0.00021945824230998077,0.0013577108841320903,0.03018683369641276,0.0,0.015323540490870423,0.015838689018396773,0.011893024354247559,7.371953423510165e-05,0.00250850904113486,0.02373242520033752,0.0600136329892807,0.011304266466302119,0.01134009866425447,1.7988426094313983e-143,0.03895668798881142,0.024976686600169277,0.026678530711672043,0.04646047459450503,0.018437763201418926,1.5710605182309342e-47,0.0223882343313959,1.5710605182309342e-47,0.030842974266999716,0.0,0.0,0.004233781229466694,0.06221085654405873,0.006844379731470556,0.027763168154002843,0.0016030445893583743,0.001024517219488045,0.0012169409560044363,0.002389798945312517,1.764950994918965e-46,0.003991497825787258,0.0,0.0707713532342124,0.01157153233334447,0.011547791278160354
26,13.25,0.037488215634170916,0.0,0.03952446657555757,0.0346382570349545,0.009562644653847298,0.00037498457614012907,0.004154318350646645,0.03491976849593202,0.00016629606567114059,0.025583399106435083,0.00989543518983946,0.00016244824591228735,0.00016629606567114059,0.0012185904936321099,0.029233987491887246,0.0,0.014384116017213852,0.014090040034729044,0.010995974618463696,5.322802953101755e-05,0.002275132299067486,0.022157358227777577,0.05761288571358066,0.010662545841894761,0.009648344619926917,1.5970602240496163e-155,0.03929443665352589,0.02327715385626308,0.022747660990418413,0.04259084199571586,0.016789403870998563,3.565799049750135e-51,0.023085499727914523,3.565799049750135e-51,0.028511352059730908,0.6416246397061538,0.0,0.0036516787252043894,0.055895714852038744,0.006358498944610598,0.026283417339525994,0.001440958464179828,0.0008779209855124735,0.0007249207749135601,0.00217322541415909,5.399026049177175e-53,0.003434467196344254,0.0,0.06890527128278381,0.010901649905020301,0.01094053559503943
27,13.75,0.03620144932943479,0.0,0.04047770874447244,0.031609294236371384,0.008635966070867064,0.0002748240066774998,0.0029307999718334986,0.022359427135991948,0.00012635020726296995,0.024780834158659813,0.00933196726094642,0.0001268689261615432,0.00012635020726296995,0.001098125770303628,0.0283112201660662,0.0,0.013533960950885502,0.012494876063299023,0.010196166744519404,3.842859492541701e-05,0.00207263178955587,0.02065645672680714,0.05490465614739423,0.010076852769942616,0.008226788453320606,4.603287803968145e-168,0.03950893456695615,0.021704614013677057,0.01946538010118891,0.03916932600710694,0.015260966870307726,5.8734559053808015e-55,0.023768953306696684,5.8734559053808015e-55,0.026432752987688893,0.309465299283728,0.0,0.003151095288073321,0.051219244308439375,0.005915078585897344,0.02489423217469583,0.0013010021909003492,0.0007576462622495387,0.0004290484888260888,0.0019838184436395535,6.075803397579846e-60,0.00295658934691208,0.0,0.06663929734054072,0.010290202278218807,0.010383659058091793
28,14.25,0.034918395062459286,0.0,0.04132266857817204,0.028939543094232176,0.007793090630829046,0.0002016340037239472,0.0020727317348258304,0.012728361063503453,9.62368534413858e-05,0.02401410653988634,0.008800436078210171,9.92916410181867e-05,9.62368534413858e-05,0.0009932653377003942,0.027417582133478138,0.0,0.012761791422685501,0.01104460972966937,0.009480074463999594,2.773984878931266e-05,0.0018958154915276154,0.019228164090538787,0.051952757631309396,0.009540697719774996,0.007028209501666334,4.307583168659171e-181,0.03960463492075216,0.020248898854679023,0.01670776703340717,0.03613046463775932,0.013845383653421884,7.020546516165168e-59,0.02443608432266427,7.020546516165168e-59,0.024571964200794837,0.19806585298705173,0.0,0.002720324436484946,0.047659908623400735,0.005509431577558535,0.02358964438726428,0.0011794347305638445,0.0006580950236482857,0.00025280969468391087,0.0018173302210390376,2.5153447657563875e-67,0.0025463372823060545,0.0,0.06405855203815512,0.009730489707702981,0.009871547034545014
29,14.75,0.03364427827080307,0.0,0.042050840026668895,0.02657595717146408,0.007025572868208005,0.00014808123330536116,0.0014690197087192352,0.006288460427606056,7.346770852772361e-05,0.023279768269474303,0.008298434402673686,7.786139649407158e-05,7.346770852772361e-05,0.0009015408743638573,0.02655215378923377,0.0,0.012058080151682735,0.009730666182023279,0.008836440501346604,2.0020286664201947e-05,0.0017405351284058392,0.0178709630301385,0.04882236942017455,0.009048516007753334,0.006014613992831867,1.3086331637134934e-194,0.0395867884134428,0.018900646747122125,0.014378906234272125,0.03342020914683473,0.012536196259293895,6.089187134424432e-63,0.0250843811673216,6.089187134424432e-63,0.022899680696634023,0.13786462559152887,0.0,0.0023493998681715926,0.04491115458291294,0.005137518366976704,0.02236402975049983,0.0010732595636944572,0.0005750290911932418,0.00014856800953953173,0.0016702958804215647,3.8308649833438715e-75,0.0021939200734083534,0.0,0.061241876510075594,0.009216752601278268,0.009399360913590034
30,15.25,0.03238362133898339,0.0,0.04265476120297826,0.024474767403930744,0.0063262586935851454,0.00010884984196688035,0.0010430945671566565,0.002619212077687811,5.6204149109685685e-05,0.022574858983878735,0.00782385156418969,6.116815017622516e-05,5.6204149109685685e-05,0.0008209406876374739,0.025714044562397405,0.0,0.01141473491689737,0.008544493127670649,0.008255835153832585,1.4445613451828862e-05,0.0016034447689683372,0.0165833336631181,0.0455774913664794,0.008595512855945498,0.0051551890455335935,1.290686836328705e-208,0.03946129753305867,0.01765125612226296,0.012403409157184147,0.030993632283442873,0.011327407129772319,3.832063182132995e-67,0.02571134669716912,3.832063182132995e-67,0.021391356027647187,0.09997625459671627,0.0,0.0020298242656373367,0.042784675504634766,0.004795838513070376,0.0212121113083768,0.0009800558936274646,0.0005052021219937663,8.721212114978993e-05,0.001539869181665434,2.1463556681365308e-83,0.0018910091327275854,0.0,0.05826049948869804,0.008744016958010222,0.008962911294257584
31,15.75,0.031140312040850934,0.0,0.04312815225490248,0.02259962275403595,0.005688997708630698,8.007847211687126e-05,0.0007418835082046356,0.0008881041097915468,4.308161674031148e-05,0.021896824555591003,0.007374825405964037,4.813595041476913e-05,4.308161674031148e-05,0.0007498137551159818,0.024902391999250116,0.0,0.01082484412826231,0.007477589540023946,0.007730311836141697,1.0420428097957298e-05,0.0014818220038185555,0.015363722798841939,0.04227873279674864,0.008177538048759325,0.004424773028700138,4.132782474882872e-223,0.039234577793808185,0.0164928350356772,0.01072124931173142,0.028813153546418675,0.010213369465597137,1.7497146614591527e-71,0.02631451390321054,1.7497146614591527e-71,0.020026305422510583,0.07428943989343204,0.0,0.001754343118451799,0.04116382983602706,0.004481343507449993,0.020128954059151584,0.0008978524563162827,0.0004461005719668674,5.120765333616436e-05,0.001423696545702284,4.4239687604211414e-92,0.0016305103650150648,0.0,0.055177343781779,0.008307968710454437,0.008558554909742012
32,16.25,0.029917666326778843,0.0,0.043466033412277665,0.020920148111255196,0.005108428263729865,5.895711601264956e-05,0.0005284259117029773,0.0002350311467792379,3.3083310246313416e-05,0.021243451527412305,0.006949702966478572,3.794086705124777e-05,3.3083310246313416e-05,0.0006867961995340451,0.02411636087550083,0.0,0.010282473878050277,0.006521546222445629,0.007253136001753441,7.5145797571515445e-06,0.001373433856955636,0.014210522368884806,0.03898153067964758,0.007790983879418664,0.003802695248972952,4.296184476605035e-238,0.03891342773119568,0.01541814960747391,0.009284103130129244,0.026847152776374058,0.009188708523039057,5.796175735910058e-76,0.02689146178876443,5.796175735910058e-76,0.018786999935935866,0.05610276701501643,0.0,0.0015167554642534972,0.0399805634950772,0.004191366103070843,0.01910995401350411,0.0008250321640583776,0.00039575880088288894,3.0109583753119095e-05,0.0013198196557781352,3.3545010457087836e-101,0.0014063738824773902,0.7642886208725523,0.052046831916086965,0.007904850951395885,0.008183110312341788
33,16.75,0.028718485848466004,0.0,0.04366481986526355,0.019410816383697266,0.004579815670524451,4.343747026157314e-05,0.0003768788923007101,4.614328817180137e-05,2.5448763752337118e-05,0.020612813847321297,0.006547008129838818,2.99498968507218e-05,2.5448763752337118e-05,0.0006307544532497133,0.02335514233653115,0.0,0.009782504843462948,0.005668092863091355,0.0068185701151695826,5.417267029457076e-06,0.001276435107345996,0.013122055341120835,0.035734846330315845,0.007432701553914655,0.0032718844612617754,1.4499132001526905e-253,0.038504908948355294,0.014420573168899394,0.00805269979887256,0.025068878246112036,0.008248266571665573,1.392951736905833e-80,0.027439831315540734,1.392951736905833e-80,0.017658506531537575,0.04285963746752104,0.0,0.0013117550528766058,0.039205416760580515,0.003923562593654634,0.018150823706655727,0.0007602593257531155,0.00035262537880044687,1.7746746571542667e-05,0.001226599532302709,9.357273634500094e-111,0.0012134346256297726,0.3411659577933644,0.048915063843314954,0.007531379399596694,0.007833788491955896
34,17.25,0.027545110596856107,0.0,0.043722390743716005,0.018050059373891363,0.0040989297308901855,3.202422753777177e-05,0.0002691112636612823,6.321942566594318e-06,1.9607294258256756e-05,0.020003229261171058,0.00616541487563649,2.367524987389412e-05,1.9607294258256756e-05,0.000580740959717118,0.022617953064788535,0.0,0.009320500296349338,0.004909147389082533,0.0064217018174350824,3.90391231860797e-06,0.0011892903821550333,0.01209656775317014,0.0325803469016603,0.007099932321593507,0.002818176122640779,1.588619151268052e-269,0.038016237054618915,0.013494037270685554,0.006994864538556314,0.02345558010839429,0.007387065911102594,2.4284714192089395e-85,0.02795734127267259,2.4284714192089395e-85,0.01662804062898491,0.033026478879626,0.0,0.0011347966888416103,0.038847476968340885,0.0036758653404755,0.0172475756398029,0.0007024235786781107,0.0003154652453982001,1.0494065894867645e-05,0.0011426568920245488,9.602321571813763e-121,0.00104727851921497,0.19816953146192756,0.0458202570464408,0.007184672493544225,0.0075081354615060365
35,17.75,0.026399467010055543,0.0,0.04363813019039445,0.016819561706601316,0.003661951642425625,2.3624298766856184e-05,0.00019236473706216273,5.614974346898545e-07,1.5129298563040602e-05,0.019413223355149303,0.0058037250599227265,1.8739983177574305e-05,1.5129298563040602e-05,0.0005359593781900825,0.021904034473470665,0.0,0.008892598584954108,0.004236864398933125,0.006058305651488547,2.8122432825292665e-06,0.00111071388595449,0.011132225729478862,0.029552041773398888,0.006790250430682921,0.002429768643513092,5.650882691163908e-286,0.03745468394746239,0.01263298524500893,0.0060840492790967485,0.021987817752862952,0.006600285581182025,3.0712561918331133e-90,0.02844180392401934,3.0712561918331133e-90,0.015684606036741017,0.02562060916807263,0.0,0.0009819834920921807,0.03896679546905997,0.0034464434721368253,0.016396504689565786,0.0006505963168856683,0.00028328730106598775,6.2300107706558216e-06,0.0010668249590223633,3.62500558710305e-131,0.0009041298061994034,0.12446040118541936,0.04279335822660037,0.0068621932870930906,0.007203984492625898
36,18.25,0.025283111888835898,0.0,0.04341293932407738,0.01570369622843575,0.003265403031351296,1.7437634413919394e-05,0.00013763865374805416,2.9582923644801515e-08,1.1690440408028258e-05,0.01884149970727658,0.005460849886679039,1.4852052728851202e-05,1.1690440408028258e-05,0.0004957370534607649,0.02121265192567059,0.0,0.0084954250094734,0.003643680264675607,0.005724731064357966,2.025015235262904e-06,0.0010396223535224956,0.010227116525528872,0.0266763170584598,0.006501515636151476,0.002096792749095877,6.525766009298297e-303,0.036827491560302676,0.011832328695477236,0.005298212780564173,0.020648902435711335,0.005883248328642504,2.8175412959451342e-95,0.028891140281882548,2.8175412959451342e-95,0.014818703309144603,0.019982310829059855,0.0,0.0008499715979950708,0.039712251240317555,0.003233670151490752,0.015594170208400118,0.0006039965537773247,0.0002552902563746002,3.715450944071224e-06,0.0009981118718470087,5.03438741038681e-142,0.0007807560063879046,0.0812071494701201,0.03985875408294641,0.006561700920802933,0.006919416179902316
37,18.75,0.024197272437806398,0.0,0.043049218740721144,0.014689069582102159,0.0029060917522937308,1.2878004128109016e-05,9.8568937598215e-05,8.307552450749134e-10,9.045199414995073e-06,0.018286914955031208,0.005135794403324251,1.1784642649666199e-05,9.045199414995073e-06,0.00045950308410478894,0.020543093978178703,0.0,0.008126019173291034,0.0031223531795113862,0.005417811133530558,1.4575267585783963e-06,0.0009750980163593302,0.009379252785766158,0.02397229461485389,0.006231833468212696,0.001810967680809901,2.446e-320,0.03614179692843999,0.011087407074570713,0.004618955772623676,0.01942444591544154,0.005231415104448809,1.874916874098402e-100,0.029303394862597306,1.874916874098402e-100,0.014022092070462674,0.015653325259183695,0.0,0.0007358894417008366,0.04143308354588813,0.0030360951562247826,0.014837378310720871,0.0005619639707745195,0.0002308217383891271,2.227023610679943e-06,0.0009356705410923183,2.572113348142739e-153,0.0006743875876578473,0.054201443079547475,0.03703502539208512,0.006281209904499193,0.0066527248917095895
38,19.25,0.023142882730985005,0.0,0.04255082206716239,0.01376415420145179,0.0025810704412905,9.515407150784044e-06,7.064677941315224e-05,1.0931261034609399e-11,7.007254730066826e-06,0.017748457847640158,0.004827644488014937,9.361197629789057e-06,7.007254730066826e-06,0.0004267707375657588,0.01989467164916289,0.0,0.007781774763811424,0.0026659970030969682,0.005134787750283052,1.0485967496281475e-06,0.0009163592225870799,0.008586579318332472,0.021452434658099585,0.005979521840063631,0.0015653247495149088,0.0,0.03540456820969816,0.010393950364808283,0.004030845176793785,0.018301992744633715,0.004640384920115422,9.049791984276624e-106,0.029676749776474016,9.049791984276624e-106,0.013287596194813638,0.01230705392576887,0.0,0.0006372692737871413,0.04509084384796902,0.002852421787070092,0.014123164674852811,0.0005239374858079477,0.0002093471244409661,1.342153695899812e-06,0.0008787743322511152,4.8343611572391e-165,0.0005826499531502783,0.03672552892398243,0.03433570308417612,0.006018955804319814,0.006402390459148588
39,19.75,0.02212061688153813,0.0,0.04192298192732636,0.012918988556758468,0.002287604783760387,7.034136818578501e-06,5.0672119694883974e-05,5.770238495837889e-14,5.434882437177174e-06,0.01722523154994487,0.004535555900732718,7.4439946186115205e-06,5.434882437177174e-06,0.00039712326429242246,0.019266717708972803,0.0,0.0074603893777529075,0.0022681082386918853,0.004873249955976606,7.540422270320156e-07,0.0008627369570629358,0.007846981786434473,0.019123301848726,0.005743082860479144,0.0013539836078739174,0.0,0.03462255112998923,0.009748044787003437,0.0035208805355211176,0.01727071901836008,0.004105898331357391,3.168315106138623e-111,0.030009538012041002,3.168315106138623e-111,0.012608943238496373,0.009706076438884822,0.0,0.0005519889599979801,0.05491025231763902,0.0026814873222846996,0.013448778072536841,0.0004894380953203659,0.0001904255845947938,8.135481454142586e-07,0.0008267973336717164,3.34267073026016e-177,0.0005035057641670594,0.025152765322427707,0.03176999711862967,0.0057733662064381845,0.0061670541829352285
40,20.25,0.02113091917707402,0.0,0.0411722104713699,0.012144931647324738,0.002023149176140759,5.202197396092223e-06,3.637016086184186e-05,1.0134233247657168e-16,4.2200472776969265e-06,0.01671643861657576,0.004258745051692181,5.92538881885548e-06,4.2200472776969265e-06,0.0003702023876916756,0.018658585993338,0.0,0.00715982251063161,0.001922585874617493,0.004631082854956895,5.419634355911082e-07,0.0008136559471877238,0.007158296798125346,0.01698642159448516,0.005521178940822686,0.001171970132841391,0.0,0.033802225201642784,0.009146101401085143,0.003078068775362081,0.01632118424744108,0.0036238431722235244,8.045268577013493e-117,0.030300255778940684,8.045268577013493e-117,0.01198063141572434,0.007675089098246356,0.0,0.00047822244795195335,0.0,0.00252224639500561,0.012811664753028675,0.00045805504959315116,0.00017369151615482536,4.961096625769246e-07,0.0007791982563940963,8.502636707055103e-190,0.00043520595677490554,0.017365747128409183,0.029343478747012305,0.0055430360484466775,0.005945498416882289
41,20.75,0.02017403142418952,0.0,0.040306177322473664,0.011434460874400957,0.001785327994471764,3.848969032592767e-06,2.6121531098507162e-05,4.7267819193619775e-20,3.280227633672031e-06,0.016221368172324162,0.003996481204832774,4.721088077697518e-06,3.280227633672031e-06,0.00034569891397128464,0.018069650738252813,0.0,0.006878260218657899,0.0016237441450375647,0.004406425081601963,3.893354006912148e-07,0.0007686193600329045,0.006518322946957354,0.015039164132278167,0.0053126124618237645,0.0010150673989330434,0.0,0.03294976897823612,0.008584827431315402,0.0026930824628665154,0.015445125951629663,0.003190261453062036,1.4817165708863074e-122,0.030547573783081435,1.4817165708863074e-122,0.01139781885098799,0.006083026763393228,0.0,0.0004143975534012914,0.0,0.0023737567928498464,0.01220945374870107,0.0004294346463877114,0.00015884004683339186,3.044176395419287e-07,0.0007355072281975698,7.956446854564241e-203,0.0003762480862020735,0.012064600964745837,0.027058704419539604,0.005326706582002139,0.005736629127487954
42,21.25,0.019250017729064036,0.0,0.039333568387411304,0.010781004804873005,0.0015719210872828385,2.8488756330959866e-06,1.8771954087471327e-05,4.462406419835923e-24,2.552270438321992e-06,0.015739384925698353,0.003748079885089373,3.764971214834033e-06,2.552270438321992e-06,0.0003233450315902252,0.01749930593586306,0.0,0.006614085262299082,0.0013663185191631745,0.004197633223780674,2.7954403475880827e-07,0.0007271963322971413,0.00592483241794159,0.013275606769665785,0.0051163084042741246,0.000879693148319742,0.0,0.03207103355824406,0.008061200130721698,0.002357983087635641,0.014635288799280416,0.002801356575648366,1.9792144813013175e-128,0.030750347314834836,1.9792144813013175e-128,0.010856230947195664,0.00483089845060152,0.0,0.00035915994000056714,0.0,0.002235167275281407,0.011639943126845805,0.0004032710949781739,0.00014561563345022108,1.8798445388788267e-07,0.0006953149072847847,2.7389886161595347e-216,0.0003253408594457974,0.008423650369579502,0.02491577541888156,0.005123247367270361,0.005539460940777108
43,21.75,0.01835878692481656,0.0,0.03826392943470499,0.010178804151613494,0.001380852419521026,2.109428344479616e-06,1.3497707845185343e-05,6.147420036008654e-29,1.9877589940408253e-06,0.01526991971400081,0.0035128972987816813,3.0050854136507125e-06,1.9877589940408253e-06,0.00030290796509270214,0.01694696471069146,0.0,0.006365851775568326,0.0011454654203499402,0.0040032519328982935,2.006052093284327e-07,0.0006890117499788078,0.0053755828283432484,0.011687337840420997,0.004931299458002617,0.0007627986106723756,0.0,0.031171523525740708,0.007572442993798415,0.0020659954761450025,0.013885281833328007,0.002453500218824983,1.9174104028653393e-134,0.03090762504501649,1.9174104028653393e-134,0.010352082562636976,0.003843308978717936,0.0,0.00031134234899188437,0.0,0.002105707080040955,0.011101087183202426,0.00037929902764970825,0.00013380303421088957,1.1683621523361298e-07,0.0006582634652844986,3.4687005272128715e-230,0.00028137390279766504,0.005905552304140048,0.022912831586740325,0.00493164080890955,0.0053531042764957395
44,22.25,0.017500112841117556,0.0,0.03710749865398141,0.009622795692128564,0.0012101810339543888,1.5624629863201004e-06,9.710336199180891e-06,8.331426064723611e-35,1.5495120722676024e-06,0.014812461334529126,0.003290325609101079,2.400546807664322e-06,1.5495120722676024e-06,0.0002841847205291961,0.016412058715559376,0.0,0.006132263689401391,0.0009567563138117319,0.0038219887055366167,1.4387766432211333e-07,0.000653737826145568,0.00486832902233856,0.010264178259467977,0.004756713211460662,0.000661784623776772,0.0,0.03025638451470057,0.0071160041282207495,0.0018113227596725252,0.013189458647599793,0.0021432384154444744,1.3471741821945918e-140,0.03101865643331315,1.3471741821945918e-140,0.00988201235342313,0.003062431376489476,0.0,0.00026993828613847457,0.0,0.001984676850049759,0.010590984553053483,0.00035728732997741656,0.00012322011445418574,7.309097691102528e-08,0.0006240390845528481,1.6160280827744893e-244,0.0002433919648858146,0.004154296516724336,0.021046480531770127,0.004750968830859053,0.005176754241017171
45,22.75,0.016673652597182117,0.0,0.03587503256520873,0.009108514927158858,0.0010580936841352601,1.157711881793938e-06,6.989044021124771e-06,6.908115850736404e-42,1.2089315276808075e-06,0.014366549461158984,0.0030797889350402483,1.919134936150406e-06,1.2089315276808075e-06,0.0002669977152235298,0.01589403754658301,0.0,0.005912156283007482,0.0007961668904383694,0.003652692520964815,1.0313298928171989e-07,0.0006210871245676274,0.004400834583368285,0.008994807277221791,0.004591761094829374,0.0005744318469660973,0.0,0.029330396599595018,0.006689536602790383,0.0015889937624951004,0.012542816407479044,0.0018672964816713762,6.86453885036517e-147,0.03108289766954271,6.86453885036517e-147,0.009443027156996587,0.0024436504667827317,0.0,0.000234079498513494,0.0,0.0018714407601759361,0.010107867202906254,0.0003370340327771451,0.00011371207858139057,4.602506333128054e-08,0.000592365688301648,2.7697241566758717e-259,0.00021057288338710556,0.0029307831259751385,0.019312165733159734,0.004580401357690015,0.005009681007689308
46,23.25,0.015878963085757532,0.0,0.03457762964724116,0.008632014121782246,0.0009228986412116261,8.580838817185913e-07,5.032658586507519e-06,1.9772865359336184e-50,9.439881603683676e-07,0.01393176848122536,0.002880739963536556,1.5354216981100415e-06,9.439881603683676e-07,0.0002511911275320132,0.015392368176641667,0.0,0.005704480352640094,0.0006600621210994611,0.003494335675541625,7.388376630648495e-08,0.0005908067526687863,0.003970882868771093,0.007867287740033719,0.004435728806461605,0.0004988425090322002,0.0,0.028397972744971925,0.006290880598229387,0.0013947364952713924,0.011940910414929888,0.001622582576826698,2.536710513065831e-153,0.031100016081368996,2.536710513065831e-153,0.009032454700508617,0.00195237057938688,0.0,0.00020301667805977216,0.0,0.0017654196617602337,0.009650090257909957,0.0003183620633638958,0.00010514681872288128,2.917234463449863e-08,0.0005629996791892708,1.7463434201241024e-274,0.00018220874961086004,0.0020727188007700066,0.0177044782100352,0.004419186327308446,0.00485122145976427
47,23.75,0.015115515803039948,0.0,0.03322655590891417,0.008189793030118681,0.0008030202947209621,6.361957182718338e-07,3.625446103815308e-06,9.80380583948619e-61,7.376889506074197e-07,0.01350774211625574,0.0026926570821110803,1.2293130836406559e-06,7.376889506074197e-07,0.00023662783555006533,0.014906534406734697,0.0,0.005508288579495813,0.0005451779674067592,0.0033459982790201496,5.2898338613699885e-08,0.0005626735053045495,0.0035762874083999983,0.006869492771693223,0.004287967998560141,0.0004333916379900923,0.0,0.027463161586978407,0.005918047198464592,0.001224872807432649,0.011379781552241579,0.0014061897690684987,6.798229239906556e-160,0.0310698929597834,6.798229239906556e-160,0.008647903240777112,0.0015616489639006966,0.0,0.00017610291593709746,0.0,0.0016660850938776477,0.009216122615824792,0.000301115695903358,9.741114335204103e-05,1.861173003128938e-08,0.0005357255066067053,4.0506834324234927e-290,0.0001576897935722013,0.0014690098186919997,0.016217417104034473,0.0042666410061515045,0.004700771908771863
48,24.25,0.014382710167585815,0.0,0.0318330763464133,0.007778740123385781,0.0006969942616301084,4.7182093733978754e-07,2.6127561911060653e-06,3.668946982027813e-73,5.769082603106998e-07,0.013094128713234187,0.0025150419536775557,9.849104415375622e-07,5.769082603106998e-07,0.00022318683974278708,0.014436036334662382,0.6844124897987205,0.005322723752491115,0.00044860051759025864,0.003206854976375902,3.785046764427349e-08,0.0005364897857110413,0.0032149015427110133,0.005989440423520163,0.0041478890354904,0.00037668611663001835,0.0,0.026529653867338323,0.005569203671812416,0.001076230293152956,0.010855894440846751,0.0012153965617815485,1.3212344726850154e-166,0.03099262476813003,1.3212344726850154e-166,0.008287226999353178,0.0012504239329419456,0.0,0.00015277950459658893,0.0,0.0015729540355239944,0.008804538296530292,0.0002851575733010705,9.040770341996376e-05,1.1951558289263033e-08,0.0005103519179117972,3.456467464568211e-306,0.000136490586079139,0.0010430870310527804,0.014844604777477654,0.004122144415846734,0.004557781731989449
49,24.75,0.013679885460195483,0.0,0.030408295836508607,0.007396082551708202,0.0006034627932148432,3.500123021892173e-07,1.8836484492538407e-06,3.8090194936714664e-88,4.51494878118637e-07,0.012690617111845699,0.0023474174670907633,7.896196591858509e-07,4.51494878118637e-07,0.00021076108491640627,0.013980389840483552,0.30956971199455036,0.00514700856138068,0.000367743276030465,0.0030761635376055758,2.70664634887144e-08,0.0005120801648176226,0.0028846272064675382,0.005215545751255762,0.0040149546687634294,0.00032753022086370095,0.0,0.02560079189253338,0.005242660103386653,0.0009460683441660584,0.01036608455091503,0.0010476658996691369,1.8621617429973437e-173,0.03086852271924838,1.8621617429973437e-173,0.007948496461522734,0.0010021770433084856,0.0,0.00013256374572224707,0.0,0.001485584293471783,0.008414008475976387,0.0002703661985320947,8.40524745575188e-05,7.724346298958242e-09,0.0004867087765106231,1.1e-322,0.00011815821628120803,0.0007418777829673193,0.01357946198731409,0.003985130711304002,0.004421747797902197
50,25.25,0.013006331506404423,0.0,0.028963012529120997,0.007039343396896731,0.0005211703295992783,2.5971892916181996e-07,1.35848631194959e-06,3.2845224684835136e-106,3.5358858371320606e-07,0.012296923008462156,0.002189326006889299,6.334530921270862e-07,3.5358858371320606e-07,0.00019925561308945783,0.01353912608822022,0.1892023917872555,0.004980436724065804,0.00030032327778923553,0.002953255021266706,1.9342733894340145e-08,0.0004892884673709217,0.002583422791869791,0.00453680128225908,0.003888674497861061,0.0002848965465855136,0.0,0.02467958144573835,0.004936857251716408,0.0008320158609866001,0.009907512816704047,0.0009006427239890988,1.9032808604547353e-180,0.030698110721995017,1.9032808604547353e-180,0.007629972772989233,0.0008039156391693007,0.0,0.00011503847365655845,0.0,0.0014035704373769901,0.008043294154586033,0.00025663381327401403,7.827268498597067e-05,5.024231898905715e-09,0.0004646443516203728,0.0,0.00010230215512456478,0.0005284215735272747,0.01241534845285244,0.0038550833757141907,0.0042922095693233775
51,25.75,0.012361298213587876,0.0,0.027507586249619038,0.006706305034777151,0.00044895909972304603,1.9276714551662516e-07,9.800692850053495e-07,5.501751192089254e-128,2.770961853074512e-07,0.011912785750179329,0.002040327993947184,5.084816539169286e-07,2.770961853074512e-07,0.00018858599163471703,0.013111791043296205,0.1264364000495595,0.004822365251324223,0.000244336630401739,0.0028375252686356515,1.3814191914281596e-08,0.00046797529475869914,0.002309310049705075,0.003942897264759011,0.0037686001067785543,0.00024790142950937465,0.0,0.023768705634707538,0.004650355513729333,0.0007320186166170418,0.009477626569143041,0.0007721501847540573,1.410688809649661e-187,0.030482121715013664,1.410688809649661e-187,0.0073300856010894595,0.0006453941699715086,0.0,9.98430473138407e-05,0.0,0.0013265402075723614,0.007691239412008952,0.00024386459744146665,7.300510253087197e-05,3.28862982519701e-09,0.00044402300203741813,0.0,8.85855589080168e-05,0.00037687561265707133,0.011345673767404038,0.0037315301189905187,0.004168744791011246
52,26.25,0.011744004065729945,0.0,0.026051823827319406,0.006394977635652653,0.00038576470237273585,1.431089524720554e-07,7.072886639688054e-07,3.1090460222243584e-154,2.1728917634050982e-07,0.011537965502544783,0.001900000655686575,4.0840410784550707e-07,2.1728917634050982e-07,0.00017867697128161772,0.012697945005212838,0.08825864967679119,0.004672207684386657,0.0001980340088605387,0.0027284275267953676,9.85938370888887e-09,0.000448015911383345,0.002060380009113114,0.003424292748181514,0.003654320783278084,0.00021578412211140097,0.0,0.0228705402139069,0.004381824892779552,0.000644294646239211,0.009074125804125163,0.000660184645491254,7.582241314760086e-195,0.03022149242416342,7.582241314760086e-195,0.007047413935307327,0.0005185149843133224,0.0,8.666560022236196e-05,0.0,0.0012541513324314498,0.007356765202508284,0.00023197313569078406,6.819461239371586e-05,2.1660102006127044e-09,0.0004247231902439798,0.0,7.671780401294688e-05,0.00026910878927783276,0.010363983165643234,0.003614038383644957,0.004050965682856809
53,26.75,0.011153643670592218,0.0,0.02460488265760129,0.006103572000979228,0.0003306116334492955,1.062675139665049e-07,5.10584849631667e-07,7.191976379448894e-186,1.7049431434497658e-07,0.011172240743156365,0.0017679369903618506,3.2820799918104566e-07,1.7049431434497658e-07,0.00016946133675715508,0.01229716215498066,0.06322748901019774,0.004529428167212003,0.00015989655013965868,0.002625466032701243,7.03211926277439e-09,0.0004292984349244144,0.0018347979158599718,0.002972247694175157,0.0035454597420506257,0.00018788912073564897,0.0,0.021987169972661463,0.004130035874202335,0.0005672963368364159,0.008694933972779375,0.0005629096347012831,2.9552721122193272e-202,0.029917356595901265,2.9552721122193272e-202,0.006780669389715911,0.0004168650242079301,0.0,7.523636932825084e-05,0.0,0.0011860887016874586,0.007038863647924781,0.00022088310689603245,6.37930314568162e-05,1.435376879686615e-09,0.0004066357744597916,0.0,6.644807501990476e-05,0.00019236287358363434,0.009464022189791475,0.0035022113766117026,0.003938515571567855
54,27.25,0.010589394446302343,0.0,0.023175193204983176,0.005830476071725888,0.00028260874725924656,7.892780153379258e-08,3.6869215081354377e-07,5.36453605083728e-224,1.3385532031713655e-07,0.010815406040400344,0.0016437448948965927,2.639023624026305e-07,1.3385532031713655e-07,0.00016087891943389814,0.011909030116841076,0.04608198161995552,0.004393536237091811,0.00012861251411991887,0.0025281904178565693,5.012224533427617e-09,0.00041172228161289034,0.0016308072057061374,0.0025788251761414064,0.0034416707848125496,0.00016365114051377621,0.0,0.021120405832176194,0.0038938511219291103,0.0004996781301694675,0.008338172616583475,0.00047864890875960834,8.352693510003003e-210,0.029571036774280145,8.352693510003003e-210,0.0065286816418166065,0.00033535608858328164,0.0,6.532194945306926e-05,0.0,0.0011220618500050244,0.0067365927879563595,0.00021052616054744846,5.9758115879930197e-05,9.569487211016406e-10,0.00038966253535521923,0.0,5.7559854760427635e-05,0.00013763725261248808,0.00863978382678393,0.003395684557646581,0.003831065903673058
55,27.75,0.010050422527235264,0.0,0.021770400584961054,0.0055742345557229294,0.00024094465648198516,5.863424662840985e-08,2.6630450616608493e-07,6.039266952405641e-270,1.0514910205871586e-07,0.0104672700825058,0.0015270464299946835,2.1230673422594134e-07,1.0514910205871586e-07,0.0001528757466812427,0.011533149533826803,0.03400037573430255,0.004264082235231529,0.0001030550010863161,0.0024361908158711102,3.5700838968061743e-09,0.0003951968263018906,0.0014467325436421615,0.0022368714545855546,0.0033426353402463984,0.00014258232097339826,0.0,0.020271802342367536,0.0036722179179994653,0.00044026894458125285,0.008002139281820093,0.00040587879488869754,1.711909305118409e-217,0.02918403470590481,1.711909305118409e-217,0.006290385701213038,0.0002699444741026406,0.0,5.672034257880224e-05,0.0,0.0010618027117209783,0.006449071750308345,0.0002008409504153466,5.605272733651433e-05,6.417769490245183e-10,0.00037371490153518367,0.0,4.986618715827206e-05,9.856788562752046e-05,0.007885541234331552,0.003294122525076525,0.003728313590965246
56,28.25,0.009535887962442173,0.0,0.02039732484149824,0.005333531212690503,0.00020488308755837938,4.356732306410099e-08,1.9240047637320185e-07,0.0,8.264384330892981e-08,0.010127653927033155,0.0014174771998793024,1.708844042652703e-07,8.264384330892981e-08,0.0001454033069402867,0.011169133656724034,0.025317787426614006,0.004140653253915553,8.226094414892651e-05,0.0023490935738331503,2.541123886577607e-09,0.00037964024410916077,0.0012809819715641248,0.001939980434134947,0.0032480598349802926,0.00012426131493457036,0.0,0.019442675314176212,0.0034641612743843233,0.0003880485760041948,0.0076852882394823786,0.0003432199811384053,2.5442293148199447e-225,0.028758020470001915,2.5442293148199447e-225,0.006064810750146821,0.00021741175634804445,0.0,4.925669006752854e-05,0.0,0.0010050636132244973,0.0061754763060393346,0.00019177230098505984,5.26441299902625e-05,4.3291870281235467e-10,0.0003587128439266273,0.0,4.320560263213577e-05,7.064599063577542e-05,0.007195868748262147,0.0031972162481941984,0.003629978646476751
57,28.75,0.009044949273761926,0.0,0.019061939078987115,0.005107173410609483,0.00017375821640241773,3.2378380887164464e-08,1.3904056324065017e-07,0.0,6.498928687742986e-08,0.009796389445063168,0.0013146858271401902,1.3761047189587148e-07,6.498928687742986e-08,0.0001384179130665864,0.010816607946013192,0.018987490749620847,0.004022869549328038,6.541152948525916e-05,0.0022665574838550855,1.807460321692101e-09,0.00036497850607371295,0.0011320482165007243,0.0016824477942588144,0.003157673353767262,0.00010832397055497532,0.0,0.018634119364175975,0.003268777653422926,0.00034212746414835366,0.007386213612182832,0.00028942891411718716,2.741886063605906e-233,0.02829482044386762,2.741886063605906e-233,0.005851070338106485,0.00017519287281268905,0.0,4.277959203207057e-05,0.0,0.000951615474124845,0.005915034778100514,0.00018327048635573083,4.950339564821874e-05,2.9370303209047125e-10,0.00034458391412887186,0.0,3.743861189695073e-05,5.067152897150217e-05,0.006565653473597388,0.003104680602771421,0.003535802074961085
58,29.25,0.008576767435094737,0.7637657097427509,0.017769364222330206,0.004894078628824109,0.00014697001427669756,2.406749249392627e-08,1.0050316606605198e-07,0.0,5.1131809211733666e-08,0.009473317937846493,0.001218333505871602,1.1086732620731019e-07,5.1131809211733666e-08,0.00013188014936766322,0.010475209686378389,0.014321466612041362,0.0039103813595230165,5.181413918492975e-05,0.002188270463958697,1.2847047390858847e-09,0.00035114450588274554,0.0009985092189268862,0.0014592189869857815,0.003071225552902271,9.445536357684027e-05,0.0,0.017847025185752333,0.0030852292394191825,0.00030172931220504625,0.007103634571982718,0.0002433889555043146,2.142677235395075e-241,0.02779640422554006,2.142677235395075e-241,0.005648353746071703,0.0001412409453663489,0.0,3.7157931796279895e-05,0.0,0.0009012461923079469,0.0056670242736115315,0.00017529060470592553,4.660489876309645e-05,2.003746448450096e-10,0.00033126240583074247,0.0,3.244468765921043e-05,3.636971894786463e-05,0.005990099410715021,0.003016252172230183,0.0034455439868296884
59,29.75,0.00813050932909556,0.3408071176891085,0.01652387887240423,0.004693262634270949,0.00012397963601723524,1.7893073827925697e-08,7.2663488772961e-08,0.0,4.024861148727397e-08,0.009158288906627293,0.0011280936186277746,8.936176024247167e-08,4.024861148727397e-08,0.0001257543901288713,0.010144587613388736,0.010852602893665056,0.0038028660757791263,4.088586121072514e-05,0.002113946628130893,9.124849161535771e-10,0.0003380772984967778,0.0008790279461609655,0.0012658343350474173,0.0029884847958855866,8.238297585168396e-05,0.0,0.01708209639491327,0.0029127387095875808,0.0002661761322040505,0.006836382324788592,0.00020410143604269177,1.2141575070427052e-249,0.027264870644907742,1.2141575070427052e-249,0.005455918363728512,0.00011392073857658644,0.0,3.227813508595292e-05,0.0,0.0008537591913342784,0.005430767212815734,0.00016779203421731057,4.392588633658966e-05,1.374552706598501e-10,0.00031868862173068427,0.0,2.8119665326799703e-05,2.612120083957301e-05,0.005464725756262863,0.0029316872821494627,0.003358981908712388
60,30.25,0.007705350732727381,0.19799429848793057,0.015328942498541852,0.0045038290995183606,0.0001043048830852047,1.3304989938304007e-08,5.254685795646598e-08,0.0,3.16966700817287e-08,0.008851158958858173,0.0010436514047636543,7.205917390586049e-08,3.16966700817287e-08,0.00012000837937131005,0.009824401551967142,0.00825597621117854,0.0037000257229302027,3.213856870175832e-05,0.002043323694291389,6.476377463991479e-10,0.0003257214345966311,0.0007723515595090325,0.0010983736497794194,0.0029092364845584575,7.187084858682811e-05,0.0,0.016339865828985476,0.002750584457633092,0.0002348753570749451,0.006583388640014551,0.0001706767315700646,4.988857655657035e-258,0.02670243300296124,4.988857655657035e-258,0.0052730829461963315,9.192450786086775e-05,0.0,2.8041803581435793e-05,0.0,0.0008089721114804855,0.005205628129902292,0.0001607379586360616,4.144611048292132e-05,9.480172694599518e-11,0.0003068082311511643,0.0,2.4373503758261605e-05,1.8771707500915787e-05,0.004985360745120233,0.0028507602401524677,0.003275909267399708
61,30.75,0.007300478878672972,0.12439096542094058,0.014187230063227526,0.004324960466480001,8.7515772633296e-05,9.895024858585408e-09,3.8007321353690833e-08,0.0,2.497309619637785e-08,0.008551790836153312,0.0009647036695108963,5.813129101026366e-08,2.497309619637785e-08,0.00011461286319774296,0.009514322066274363,0.006301311226288641,0.0036015847104714613,2.51655363501151e-05,0.00197616068638249,4.5932391348499533e-10,0.00031402637732635643,0.0006773100058633285,0.0009534021153649686,0.0028332815625242403,6.27145656829075e-05,0.0,0.015620711203195947,0.00259809622784106,0.00020730871736266476,0.006343675720155357,0.00014232547040441898,1.4863875025577956e-266,0.026111403683905507,1.4863875025577956e-266,0.005099221636257276,7.42054032940327e-05,0.0,2.436367099959517e-05,0.0,0.0007667156281580133,0.0049910107229701895,0.00015409495253675433,3.9147513590469805e-05,6.572934903507195e-11,0.0002955717058241336,0.0,2.1128355523044992e-05,1.3497523889611673e-05,0.004548132162408025,0.0027732617569388007,0.003196134026986858
62,31.25,0.006915094635511995,0.08119465701525777,0.013100676102388761,0.004155909889024059,7.323024130934588e-05,7.360195889282525e-09,2.749628535922252e-08,0.0,1.9684325035002668e-08,0.008260052551143515,0.000890958524699426,4.691457572293184e-08,1.9684325035002668e-08,0.00010954126741987288,0.009214030120647877,0.004822998488126217,0.0035072878214966632,1.9629534455914412e-05,0.0019122358930703973,3.255238618909136e-10,0.000302945989915205,0.0005928141050601218,0.0008279186432390959,0.002760435170728106,5.4736944990230204e-05,0.0,0.014924870053611523,0.0024546511216870363,0.00018302262770808212,0.0061163472350231705,0.00011834996567141782,3.211182661128027e-275,0.025494178291820963,3.211182661128027e-275,0.004933758654429983,5.992467372172661e-05,0.7637665000634724,2.1169837174090915e-05,0.0,0.0007268323835215242,0.004786355132340875,0.00014783261791177733,3.701395777960103e-05,4.580816738907956e-11,0.000284933823226346,0.0,1.8316903354051802e-05,9.710199075452161e-06,0.0041494554504522135,0.0026989975274032195,0.0031194774616573866
63,31.75,0.006548414345803429,0.054217516709019885,0.012070526280516665,0.003995994112275315,6.111000922884034e-05,5.475572574676193e-09,1.989589690588652e-08,0.0,1.5522145711643408e-08,0.007975816621951431,0.0008221351534036072,3.7877129079887304e-08,1.5522145711643408e-08,0.00010476941427323993,0.008923216751246476,0.003700527743844506,0.003416898410983148,1.5252320905278002e-05,0.0018513450508423237,2.3052602463195928e-10,0.000292438084511818,0.0005178532036338396,0.0007193074726347665,0.002690525437684565,4.778433409223623e-05,0.0,0.014252453915332036,0.0023196699426959607,0.00016161986743346647,0.00590058037069388,9.813595046613034e-05,5.030339827105899e-284,0.02485321946279808,5.030339827105899e-284,0.004776163573018181,4.840974415685728e-05,0.3408072037875306,1.8396241852866792e-05,0.0,0.0006891760188636075,0.004591135428207773,0.00014192326500185023,3.503099178279056e-05,3.208630349300945e-11,0.00027485322843124704,0.0,1.588092563298449e-05,6.9889418818325155e-06,0.0037860201615168365,0.0026277869535028886,0.0030457730487890872
64,32.25,0.006199671357747836,0.03675409414206237,0.01109739449466866,0.0038445871670405836,5.0856625727025264e-05,4.074131616773674e-09,1.4399003590538964e-08,0.0,1.2245036603237368e-08,0.007698959394339267,0.0007579635919946161,3.0592313523674795e-08,1.2245036603237368e-08,0.00010027527295498248,0.008641582748062523,0.0028453642140663584,0.0033301967887394844,1.1805437003656838e-05,0.001793299723761276,1.6312743290111743e-10,0.00028246402402101474,0.0004514924638475332,0.0006252934639139529,0.0026233923890852046,4.172342296623421e-05,0.0,0.013603461702430989,0.002192613848624946,0.00014275237231377725,0.005695618764519894,8.114467850320949e-05,5.713818394478389e-293,0.024191040506542683,5.713818394478389e-293,0.004625947101923626,3.91208781834303e-05,0.1979941888338754,1.5987345286107843e-05,0.0,0.000653610296926578,0.004404857290248213,0.00013634163135885544,3.318564953593445e-05,2.258618307203876e-11,0.00026529204677380107,0.0,1.3770059014791401e-05,5.032582558153269e-06,0.003454775359762413,0.0025594619928697476,0.002974865468993727
65,32.75,0.0058681172829175956,0.025184989536469787,0.010181323705387076,0.0037011147751615622,4.2207714398269156e-05,3.0318220270174793e-09,1.0422638279575424e-08,0.0,9.663619561145326e-09,0.007429360442729266,0.0006981845241380468,2.4717720678214662e-08,9.663619561145326e-09,9.603873949744492e-05,0.008368838346974513,0.0021919492263535144,0.003246978765571956,9.102204051761899e-06,0.0017379258559372048,1.1534547367781931e-10,0.0002729883699508684,0.00039286985420804106,0.0005439012842305208,0.0025588869634461057,3.6438499096043796e-05,0.0,0.012977792271142015,0.0020729812830509375,0.0001261149820270885,0.005500766215572183,6.690543846583673e-05,4.70597802349571e-302,0.023510189029720786,4.70597802349571e-302,0.004482657323899618,3.162463157302563e-05,0.12439079531724691,1.3894987268373629e-05,0.0,0.0006200083045852311,0.004227055863325292,0.00013106463403014874,3.146627572015039e-05,1.5975932520702525e-11,0.0002562155407413232,0.0,1.1940730802811145e-05,3.6253895475635106e-06,0.0031529144520555407,0.002493866119173419,0.0029066097013638924
66,33.25,0.005553023009616133,0.017397024687729443,0.009321848815395018,0.003565049376268525,3.493343074803564e-05,2.2564898365105407e-09,7.545643171727735e-09,0.0,7.62931484967852e-09,0.007166902042288245,0.0006425490822058661,1.9978386609358933e-08,7.62931484967852e-09,9.204144214363515e-05,0.008104702931522875,0.0016914163674270992,0.003167054343999769,6.990812971162301e-06,0.001685062476001487,8.149618559428754e-11,0.00026397857029790786,0.00034119290425537943,0.0004734185050747945,0.002496870122114481,3.182908174397652e-05,0.0,0.01237525616046021,0.0019603051611476606,0.00011144001079617398,0.005315381075129871,5.5008516868641914e-05,2.810382177769e-311,0.02281323068876174,2.810382177769e-311,0.004345876325327156,2.557268746851705e-05,0.08119447963067677,1.2077400236946614e-05,0.0,0.0005882517274982511,0.004057293774781859,0.00012607115050543706,2.986237427293853e-05,1.1353881071276324e-11,0.00024759180544387384,0.0,1.0355237543520824e-05,2.612714144998116e-06,0.002877859823923075,0.0024308533819717283,0.0028408702036349836
67,33.75,0.005253679498738843,0.012092760634187604,0.008518060088310507,0.003435905698827974,2.8833141683782565e-05,1.679662736443817e-09,5.463682641912019e-09,0.0,6.0254856243596074e-09,0.006911468705124852,0.0005908186523895862,1.6153386587747116e-08,6.0254856243596074e-09,8.826656894035042e-05,0.00784890474410199,0.0013071377446526701,0.003090246537228261,5.348398384394936e-06,0.0016345605356236292,5.753523361308099e-11,0.0002554046823557823,0.0002957352824086316,0.00041236250484486946,0.002437212043387096,2.7807881479977166e-05,0.0,0.011795586514865392,0.0018541502868659571,9.84925281162912e-05,0.005138871234794466,4.509863208300482e-05,1.2174e-320,0.02210273321760297,1.2174e-320,0.004215217175761072,2.0684962879302238e-05,0.05421735384132954,1.0498355409503914e-05,0.0,0.0005582301893172358,0.003895159300085473,0.00012134182469882362,2.836447652921389e-05,8.106483738428082e-12,0.0002393914978120641,0.0,8.980949614434137e-06,1.8836172080805162e-06,0.0026272475713166317,0.0023702875552827304,0.0027775201682118597
68,34.25,0.004969398386542232,0.008447889489731339,0.007768665789722857,0.00331323680891973,2.373233218114576e-05,1.250454566040874e-09,3.956786845384237e-09,0.0,4.760520488680177e-09,0.006662946774392649,0.0005427646805196695,1.30651210809988e-08,4.760520488680177e-09,8.469871472897668e-05,0.00760118060627112,0.001011527858449993,0.0030163903021352616,4.075990584779269e-06,0.001586281866460813,4.0587013760297754e-11,0.0002472391260556844,0.00025583325120366563,0.0003594509851162172,0.002379791391732639,2.4299039001058976e-05,0.0,0.011238449202549234,0.0017541109809162522,8.706625282826979e-05,0.004970689640842529,3.686885134754115e-05,0.0,0.021381250866909708,0.0,0.004090321215616605,1.6736110241126754e-05,0.03675395357075908,9.126423848686067e-06,0.0,0.0005298406489033638,0.003740264664730401,0.0001168588947705139,2.696402618260061e-05,5.814158461056555e-12,0.0002315875953427069,0.0,7.789624411597222e-06,1.3584631113097615e-06,0.0023989125483912287,0.0023120413654080674,0.0027164408460863087
69,34.75,0.004699512416465795,0.005925805800276858,0.007072052932781168,0.003196630579150484,1.9479740874053212e-05,9.310415353407234e-10,2.8659285618948227e-09,0.0,3.7624260951663074e-09,0.006421224070739947,0.0004981684762257375,1.0570746663149054e-08,3.7624260951663074e-09,8.132374510688013e-05,0.0073612756478962415,0.0007837258941290782,0.0029453315737892186,3.094243109519291e-06,0.0015400982419455278,2.8608410011359676e-11,0.00023945646405804872,0.00022088204950813415,0.0003135758569368222,0.0023244946541851586,2.123660399150212e-05,0.0,0.010703452149509931,0.00165980890091607,7.697997764519639e-05,0.004810330272852989,3.0054993157024896e-05,0.0,0.020651309385338747,0.0,0.003970855616612218,1.3544721182545986e-05,0.02518487251922571,7.934336837636382e-06,0.0,0.0005029868497514153,0.003592244471349299,0.00011260604004191382,2.565327869636682e-05,4.188556377174601e-12,0.00022415518078377066,0.0,6.756813173023254e-06,9.800520640547619e-07,0.002190873893944982,0.0022559957896622984,0.002657520931607067
70,35.25,0.004443375720078283,0.0041708674969098015,0.0064263452119985385,0.003085706527764355,1.594472309647063e-05,6.93304113282006e-10,2.076114214134024e-09,0.0,2.974597241561629e-09,0.006186189586112705,0.0004568210136223893,8.555317797289572e-09,2.974597241561629e-09,7.812867526574001e-05,0.00712894304484401,0.0006079000851104064,0.0028769263905409287,2.3398395449258277e-06,0.0014958905320464732,2.0148864229312592e-11,0.00023203320533325203,0.00019033224637046416,0.00027378022520494036,0.0022712155369094614,1.8563220469898294e-05,0.0,0.010190153915411846,0.001570891036832513,6.807445298877414e-05,0.00465732453270936,2.4430509395258262e-05,0.0,0.019915391662595,0.0,0.0038565111840882112,1.096468370528981e-05,0.017396929548340427,6.898432097612487e-06,0.0,0.00047757881647495697,0.00345075424194115,0.00010856824463829443,2.442521315820247e-05,3.0305600082155283e-12,0.0002170712496360869,0.0,5.861348559763395e-06,7.072758874921132e-07,0.002001321152513696,0.0022020394186406974,0.0026006560018788302
71,35.75,0.004200363965321709,0.0029441310146967703,0.005829457405539808,0.00298011298455562,1.3014837089024815e-05,5.163336511193297e-10,1.5041740150201265e-09,0.0,2.3525058613118348e-09,0.005957733220412058,0.000418522727184788,6.926294329633747e-09,2.3525058613118348e-09,7.510156189682246e-05,0.006903943764957743,0.0004719977936042629,0.0028110401000495215,1.762490213514925e-06,0.0014535479406267288,1.41792905090946e-11,0.00022494762940955616,0.00016368610616247054,0.00023923818850350183,0.002219854415752209,1.622898990584794e-05,0.0,0.009698071541343455,0.0014870278664394936,6.020966897828036e-05,0.004511237996994426,1.9801834916841734e-05,0.0,0.01917592414534744,0.0,0.003747000374196874,8.878257408622094e-06,0.012092684550176027,5.998174226208505e-06,0.0,0.0004535323937784845,0.0033154690659912885,0.00010473167581621579,2.3273454877140355e-05,2.202019743973327e-12,0.00021031453776392594,0.0,5.0849019068966125e-06,5.105753747630626e-07,0.0018286010686201382,0.0021500678755102484,0.0025457480052774885
72,36.25,0.0039698743884889484,0.0020833419675315235,0.005279145712390288,0.0028795245457981893,1.0593646694608956e-05,3.8458066207599547e-10,1.08994297983991e-09,0.0,1.8611076360251966e-09,0.005735745556942436,0.00038308330189363107,5.609139974198525e-09,1.8611076360251966e-09,7.223140659507611e-05,0.00668604632205395,0.00036681815819833164,0.0027475466377474265,1.3224370699822464e-06,0.0014129673163073792,9.970166169865962e-12,0.00021817962884197576,0.00014049399970652936,0.00020923717354225658,0.0021703178353016197,1.4190487502441483e-05,0.0,0.009226687702748338,0.0014079116569407188,5.3262482922192564e-05,0.004371667491742219,1.600418692282776e-05,0.0,0.018435264122924584,0.0,0.003642055502302934,7.1905208659611586e-06,0.00844782938179411,5.215739325159396e-06,0.0,0.0004307688238434722,0.003186082346051032,0.00010108357520786218,2.2192207275142806e-05,1.6066416717453552e-12,0.0002038653667611548,0.0,4.4116005949521934e-06,3.6868512731088926e-07,0.0016712051028306338,0.002099983286552188,0.0024927047941901747
73,36.75,0.003751325724781395,0.0014773843259608963,0.004773053662344727,0.002783639785224959,8.598731904736024e-06,2.864793421766971e-10,7.898894921831295e-10,0.0,1.4728094454723434e-09,0.005520117672969227,0.00035032145708715687,4.543792948839135e-09,1.4728094454723434e-09,6.950806940066704e-05,0.006475026537686117,0.0002853201972660806,0.002686327870243768,9.883930971953885e-07,0.001374052528854833,7.004726309663401e-12,0.00021171056777652568,0.00012035089122081489,0.000183162533617025,0.00212251805159815,1.2409910543566526e-05,0.0,0.008775457202987983,0.0013332549001984814,4.7124546923198155e-05,0.004238238453636534,1.2897792325185383e-05,0.0,0.01769568797066054,0.0,0.0035414271218229343,5.824915981251145e-06,0.005925758755529274,4.5356551565218155e-06,0.0,0.00040921435849528253,0.0030623046330654886,9.761216144905646e-05,2.1176191839001816e-05,1.1770013827213444e-12,0.00019770550502366468,0.0,3.827697314325624e-06,2.662993018661263e-07,0.0015277576947708591,0.002051693797835047,0.002441439697632912
74,37.25,0.0035441580508407903,0.0010496381276583692,0.004308753390787482,0.00269217919223841,6.95989707052788e-06,2.134256424178033e-10,5.725110327734681e-10,0.0,1.1658754267693175e-09,0.005310740982042878,0.00032006472376411716,3.681834297158942e-09,1.1658754267693175e-09,6.69221912936732e-05,0.0062706673104305196,0.0002221040618304099,0.0026272729970320883,7.358504501400852e-07,0.0013367139040715993,4.917198735811249e-12,0.00020552315475904967,0.00010289292623918622,0.0001604841562036872,0.002076372614181144,1.0854340692023771e-05,0.0,0.008343812844370115,0.0012627888701698317,4.1700496415271e-05,0.0041106025461700325,1.0364518247221927e-05,0.0,0.01695938042267181,0.0,0.003444882555235082,4.719670140886798e-06,0.004170830947201463,3.944489346358819e-06,0.0,0.0003887999029049512,0.002943862544394674,9.430654285839174e-05,2.0220595077361847e-05,8.65678454501422e-13,0.00019181804273988605,0.0,3.3212841319901243e-06,1.923966215211136e-07,0.0013970052799892867,0.002005113133466893,0.0023918711298760833
75,37.75,0.0033478325513224003,0.000746969961502549,0.003883782204961372,0.002604883312112577,5.617565435748193e-06,1.5901786855156354e-10,4.150061644308555e-10,0.0,9.231762803078001e-10,0.0051075071050460785,0.0002921492153412081,2.9842146989943744e-09,9.231762803078001e-10,6.44651246097037e-05,0.006072758392456509,0.00017302044224909373,0.0025702780046245755,5.456993194599234e-07,0.0013008677110048826,3.4488882855481374e-12,0.0001996013281736952,8.779414122211692e-05,0.00014074484369882247,0.002031803983632194,9.495104674524804e-06,0.0,0.007931170714176075,0.0011962622921988795,3.690636576849345e-05,0.003988435503106713,8.304878743370845e-06,0.0,0.016228424934910696,0.0,0.003352204561163671,3.824921372507592e-06,0.0029441027878613405,3.4305791725383543e-06,0.0,0.0003694606879209841,0.002830497758070926,9.115663900695102e-05,1.932102157868441e-05,6.391759521563433e-13,0.00018618727923602895,0.0,2.8820452476187453e-06,1.390377089506004e-07,0.0012778060535884725,0.0019601601913757562,0.0023439222316276173
76,38.25,0.0031618312203656757,0.0005323586639571589,0.00349567448304186,0.002521511066040322,4.521347853327306e-06,1.1849226113385468e-10,3.008684741814549e-10,0.0,7.312073653465001e-10,0.004910307767186869,0.00026641939208594054,2.4194286279409796e-09,7.312073653465001e-10,6.212887047502011e-05,0.0058810961731512925,0.00013487536112389276,0.0025152451678963263,4.031068117163081e-07,0.0012664356960131583,2.416975504893219e-12,0.00019393015289905112,7.476331141539925e-05,0.00012355025174547483,0.0019887391811939602,8.3072199692902e-06,0.0,0.007536934923349706,0.0011334401147586905,3.2668201658527834e-05,0.0038714351749101045,6.6353896187401775e-06,0.0,0.015504795183708514,0.0,0.0032631901233314124,3.100406976161618e-06,0.0020833202755294257,2.9837973507042076e-06,0.0,0.00035113596842750494,0.0027219660773802135,8.81531101658925e-05,1.8473452393583065e-05,4.737310450727923e-13,0.00018079862130666586,0.0,2.5010431676657423e-06,1.0050105335047048e-07,0.0011691204630770397,0.0019167586730068548,0.0022975205406932384
77,38.75,0.002985656507714062,0.0003799058616775002,0.003141989041880729,0.0024418382315596885,3.6287730751988877e-06,8.830341802548084e-11,2.1814669343027324e-10,0.0,5.79317409012669e-10,0.004719034718398184,0.0002427278196255349,1.9620470516001666e-09,5.79317409012669e-10,5.990602247251432e-05,0.005695483469576419,0.00010520631458067292,0.0024620825940025416,2.9661195782789547e-07,0.0012333446588633425,1.6923653520222863e-12,0.00018849572694498723,6.354094966652381e-05,0.00010856019036512642,0.0019471094674112237,7.268913977024921e-06,0.0,0.00716050183517259,0.0010741023750889646,2.892084881647746e-05,0.0037593197566833034,5.28624276270067e-06,0.0,0.01479034773298742,0.0,0.003177649348819191,2.5136041260606483e-06,0.0014773677246829107,2.5953489894521014e-06,0.0,0.0003337687453914962,0.0026180365603508853,8.528729374645054e-05,1.76742080730618e-05,3.524156621104708e-13,0.00017563849132896372,0.0,2.170533750301494e-06,7.266192546861285e-08,0.001070002405262201,0.0018748367437124735,0.0022525976893589938
78,39.25,0.002818830918228708,0.0002714320058055446,0.002820332184474083,0.002365656066219087,2.904166818693713e-06,6.581233547261515e-11,1.581862911920953e-10,0.0,4.59102341979319e-10,0.00453357967481685,0.00022093492207792426,1.5915376689714981e-09,4.59102341979319e-10,5.7789715847321875e-05,0.005515729323540291,8.211201457990063e-05,0.002410703804740094,2.173991950771311e-07,0.0012015260665832795,1.1839729249925955e-12,0.00018328509698449126,5.3896465396418344e-05,9.548111344697522e-05,0.0019068500470652025,6.361206753573883e-06,0.0,0.006801263820538805,0.00101804315094578,2.5606886146631055e-05,0.003651826178676974,4.199271561017545e-06,0.0,0.014086815888371133,0.0,0.0030954044645098346,2.038233259414645e-06,0.0010496254669939988,2.2575955390176033e-06,0.0,0.0003173055094979312,0.002518490709185354,8.255114695672304e-05,1.6919915785992658e-05,2.631211336307915e-13,0.00017069424410414856,0.0,1.8838061978668747e-06,5.2545701545667777e-08,0.0009795910966471874,0.0018343267209519187,0.002209089126029091
79,39.75,0.00266089657262413,0.00019413801613751806,0.0025283766952803625,0.0022927700593634776,2.3176668706874004e-06,4.905442553819836e-11,1.147191251359228e-10,0.0,3.639286721236112e-10,0.00435383427920594,0.00020090873046594952,1.291315872930693e-09,3.639286721236112e-10,5.577358164517691e-05,0.005341648805077767,6.412255500525189e-05,0.002361027353671937,1.587182878767109e-07,0.001170915701277122,8.275842469900648e-13,0.00017828618182579237,4.562548975897648e-05,8.405964149270607e-05,0.0018678997979586231,5.56754875228275e-06,0.0,0.00645861257542708,0.0009650695913757817,2.2675694104585893e-05,0.003548708642610111,3.326179603209201e-06,0.0,0.013395804743755511,0.0,0.003016288901849127,1.6530528580948562e-06,0.0007469603352427588,1.963902121755936e-06,0.0,0.00030169600448109297,0.0024231217150820867,7.993719499457279e-05,1.6207480017311753e-05,1.9715126587254016e-13,0.0001659540914958784,0.0,1.6350446108562453e-06,3.800646618275778e-08,0.0008971035832573367,0.0017951647877207516,0.0021669338589067493
80,40.25,0.002511414736419491,0.00013898961149564514,0.00226387709207324,0.0022229987986856726,1.844361752935407e-06,3.65669786012148e-11,8.320475857122747e-11,0.0,2.885585338552198e-10,0.004179690078356438,0.000182524627163507,1.0479809528150658e-09,2.885585338552198e-10,5.385170524974421e-05,0.0051730628221345444,5.010016853223935e-05,0.0023129764747265857,1.1542365241815758e-07,0.0011414533385342165,5.779662780763478e-13,0.00017348770298373335,3.854737020653871e-05,7.407698055593177e-05,0.001830201021362328,4.873506199580002e-06,0.0,0.006131942034921797,0.0009150010200566215,2.008263673431028e-05,0.003449737288960352,2.6270059499032657e-06,0.0,0.012718787413763633,0.0,0.002940146461158356,1.3408884234605091e-06,0.0005323513640650915,1.7085051197321366e-06,0.0,0.00028689300844661204,0.002331733754270753,7.743848417823742e-05,1.5534056415081076e-05,1.4823601309424923e-13,0.00016140703404484336,0.0,1.4192081804769525e-06,2.7495653134321878e-08,0.0008218278537113422,0.0017572907288953795,0.0021260742197314335
81,40.75,0.002369965323340541,9.959546963034823e-05,0.0020246814689112193,0.002156172939724487,1.463540899794975e-06,2.726081820665537e-11,6.035378411837491e-11,0.0,2.2885458631606761e-10,0.004011038515659613,0.00016566508718580508,8.507010982403895e-10,2.2885458631606761e-10,5.201858884870015e-05,0.005009797936260436,3.9163204192409276e-05,0.002266478759332215,8.361044581494457e-08,0.001113082453433374,4.0328277943956616e-13,0.00016887912160819805,3.250283521305786e-05,6.534411687811217e-05,0.001793699212158535,4.266487736999923e-06,0.0,0.005820650916710137,0.0008676681053150343,1.7788343927266745e-05,0.003354696982053818,2.0688015727088965e-06,0.0,0.012057102431530539,0.0,0.002866830547698886,1.0878497823395932e-06,0.0003799003386984279,1.4863973154683283e-06,0.0,0.00027285213164458615,0.002244141331425876,7.504853948765697e-05,1.4897028411568857e-05,1.1183714453642657e-13,0.00015704279883444781,0.0,1.23192749596487e-06,1.989542962991533e-08,0.0007531165183648253,0.001720647688415836,0.002086455645786085
82,41.25,0.002236146378718241,7.142498817407398e-05,0.0018087402780108154,0.0020921342678357994,1.1580448564822079e-06,2.0324814790060512e-11,4.378280210680869e-11,0.0,1.8154765158184285e-10,0.0038477709371826964,0.00015021941717780128,6.907179947847112e-10,1.8154765158184285e-10,5.026911741363753e-05,0.004851686184121765,3.0627779706246816e-05,0.0022214658594517838,6.0328602123764e-08,0.001085749951470779,2.8114528898665184e-13,0.00016445058111350618,2.7351827778898103e-05,5.769768174241002e-05,0.0017583428469149119,3.735506830888685e-06,0.0,0.005524144925434688,0.0008229120914497492,1.575808133845617e-05,0.003263386201251193,1.624493140974697e-06,0.0,0.011411952282049623,0.0,0.0027962034725385835,8.826999263771311e-07,0.0002714278357236849,1.2932282454493633e-06,0.0,0.0002595316293020144,0.0021601686669367446,7.276132605163501e-05,1.4293986292348442e-05,8.465747616271267e-14,0.0001528517829657988,0.0,1.0694147869804213e-06,1.439865831686896e-08,0.0006903810172258893,0.0016851819454394273,0.0020480264785659786
83,41.75,0.002109573547804517,5.126085446591145e-05,0.0016141124008216365,0.0020307348433397736,9.137046588527337e-07,1.5154835394570842e-11,3.1764649726090376e-11,0.0,1.440536744271412e-10,0.0036897786097089573,0.00013608349297788167,5.609475837936688e-10,1.440536744271412e-10,4.8598527827088194e-05,0.004698564904649155,2.3962920559988977e-05,0.0021778732141572135,4.335928668747433e-08,0.0010594059220271864,1.958226705557663e-13,0.00016019285492784293,2.29715045379253e-05,5.099639455330234e-05,0.0017240831883004039,3.270975197859587e-06,0.0,0.00524183864764604,0.0007805840864537909,1.3961197014552395e-05,0.0031756160278146716,1.27191203122467e-06,0.0,0.010784403029294481,0.0,0.0027281358120178536,7.163458399762186e-07,0.0001941348732621923,1.1252177402267012e-06,0.0,0.00024689222825484186,0.0020796491247965757,7.057121417006594e-05,1.3722708429362526e-05,6.429260268225107e-14,0.00014882500207312355,0.0,9.283862182261236e-07,1.0422383217260376e-08,0.00063308631986633,0.0016508427077845873,0.0020107377776592277
84,42.25,0.001989879533358531,3.681472500358476e-05,0.0014389688523638938,0.0019718362215802184,7.188602746158812e-07,1.130086847676489e-11,2.3047555690206917e-11,0.0,1.1432947377348945e-10,0.0035369527493206727,0.00012315949664033852,4.5565818527772174e-10,1.1432947377348945e-10,4.700238083207497e-05,0.004550276571642786,1.8756013191184996e-05,0.0021356397976212906,3.1041043777011894e-08,0.0010340034122435099,1.3627093293670772e-13,0.0001560972988475079,1.9254395790684632e-05,4.511800416189521e-05,0.001690874104411087,2.8645231370978126e-06,0.0,0.0049731571654176,0.000740544401654463,1.2370635193401073e-05,0.003091209218173119,9.92968212521415e-07,0.0,0.010175384986258954,0.0,0.0026625058202725247,5.814275805374861e-07,0.00013898724664771332,9.79080896645815e-07,0.0,0.00023489696623803328,0.0020024246781343573,6.847294750769423e-05,1.3181144429992381e-05,4.898278654952656e-14,0.00014495404337458423,0.0,8.059946094919201e-07,7.545454795396048e-09,0.0005807460815593403,0.00161758192115032,0.001974543148530162
85,42.75,0.0018767135463431228,2.645666521143992e-05,0.001281594449737894,0.00191530874053937,5.639487447837692e-07,8.427669127498053e-12,1.6724179699233246e-11,0.0,9.075901825503087e-11,0.003389184559211248,0.0001113556537924198,3.7021088770763617e-10,9.075901825503087e-11,4.547653551645247e-05,0.004406668631662767,1.4686161991540736e-05,0.002094707886619681,2.2135280601857652e-08,0.0010094982193977848,9.474333603496441e-14,0.00015215580753832818,1.6106720576008514e-05,3.9956659084677034e-05,0.0016586719017144251,2.508843214687519e-06,0.0,0.004717537414979832,0.0007026619391738243,1.0962508952105759e-05,0.003009999355300605,7.729504615428913e-07,0.0,0.00958569436888694,0.0,0.0025991988898534588,4.719865299307258e-07,9.959369281309031e-05,8.519629626780726e-07,0.0,0.0002235110427978888,0.0019283454096507334,6.646161413717375e-05,1.2667399985290888e-05,3.7435522069903225e-14,0.00014123102280945936,0.0,6.997711752996506e-07,5.463543548137709e-09,0.0005329182212279503,0.0015853540927446748,0.0019393985830228192
86,43.25,0.0017697407531061687,1.9024209199740003e-05,0.0011403877573325453,0.0018610308694498368,4.4115344066579483e-07,6.285463603041222e-12,1.2136762124004346e-11,0.0,7.206373123701292e-11,0.0032463652755117495,0.00010058597218172878,3.0085007695846603e-10,7.206373123701292e-11,4.401712607658719e-05,0.004267593347037777,1.1503614275175046e-05,0.002055022845825304,1.5722713867956642e-08,0.0009858487000745585,6.581068102034912e-14,0.00014836077477709155,1.3446849944261037e-05,3.542064661415724e-05,0.0016274351704452987,2.197554222881026e-06,0.0,0.004474429315033646,0.000666813623461536,9.715724438387697e-06,0.002931830070803847,5.999361417782353e-07,0.0,0.00901599586733917,0.0,0.0025381070559980664,3.8319746978055613e-07,7.142365494149094e-05,7.413828185793847e-07,0.0,0.00021270168088569514,0.0018572690444368187,6.453262014537059e-05,1.2179723227420865e-05,2.869816510499112e-14,0.0001376485458618839,0.0,6.075750690409372e-07,3.956684163402928e-09,0.0004892008883805737,0.00155411612808772,0.0019052623115144056
87,43.75,0.0016686417220014552,1.3687316133108277e-05,0.0010138595991494102,0.0018088886125492026,3.4410662717184914e-07,4.688139152147804e-12,8.808417157796364e-12,0.0,5.723172078457905e-11,0.0031083862200086574,9.076998223943612e-05,2.4453435646709146e-10,5.723172078457905e-11,4.2620540633270636e-05,0.0041329076438303336,9.013851627879538e-06,0.002016532929346432,1.1124052154104781e-08,0.0009630155945932198,4.567130843274367e-14,0.00014470505707024585,1.120391088423403e-05,3.1430449008477936e-05,0.0015971246413989117,1.9250827494380355e-06,0.0,0.004243296687723252,0.0006328838734691106,8.611650338846654e-06,0.0028565543310919523,4.6429550808156557e-07,0.0,0.008466826061849115,0.0,0.002479128540565462,3.111521296958642e-07,5.125985528363358e-05,6.451839139472582e-07,0.0,0.00020243799827703596,0.0017890605128537092,6.26816655485894e-05,1.171649242960686e-05,2.2066164302608454e-14,0.00013419967171464744,0.0,5.275496811610052e-07,2.865852775782257e-09,0.0004492287879539828,0.0015238271798725057,0.0018720946657493711
88,44.25,0.0015731118720243452,9.852674627529059e-06,0.0009006304041304826,0.0017587749627439532,2.676382824128361e-07,3.4970045501221335e-12,6.393356581310044e-12,0.0,4.5461920736840955e-11,0.002975138858714241,8.183248044591582e-05,1.9880001965889027e-10,4.5461920736840955e-11,4.1283401897675314e-05,0.004002472964602209,7.06527532336429e-06,0.0019791890971105576,7.83954462023325e-09,0.0009409618653174839,3.166554510865323e-14,0.00014118194032619561,9.31652285750415e-06,2.7917072089797816e-05,0.001567703053165474,1.686560048045741e-06,0.0,0.004023617993614474,0.0006007641123229362,7.633827036990312e-06,0.002784033781690219,3.5827714520493255e-07,0.0,0.00793859760553832,0.0,0.0024221673320521217,2.526842640805479e-07,3.6813976998581254e-05,5.614916724316208e-07,0.0,0.00019269088803771473,0.001723591541332491,6.090472229029353e-05,1.127620490208279e-05,1.701670340500637e-14,0.0001308778804147297,0.0,4.580847831284419e-07,2.076058290252449e-09,0.00041266983381351867,0.0014944485078731485,0.001839857951475021
89,44.75,0.0014828609256954271,7.095772381940529e-06,0.0007994266245451241,0.0017105894004985336,2.075648546577343e-07,2.6086970244403742e-12,4.640823363497531e-12,0.0,3.611998518115334e-11,0.0028465148653297133,7.370327623961085e-05,1.6165076785261522e-10,3.611998518115334e-11,4.0002549507100556e-05,0.003876155125828413,5.539663820827432e-06,0.0019429448448306163,5.503136480894553e-09,0.0009196525476065585,2.1934312108188724e-14,0.0001377851092919877,7.731658583891975e-06,2.482060779081411e-05,0.0015391350289411072,1.4777322082705588e-06,0.0,0.0038148869004347315,0.0005703523116157484,6.767710609590806e-06,0.0027141381443697675,2.756626984098632e-07,0.0,0.007431604093237117,0.0,0.0023671327984647237,2.0522824698177893e-07,2.6456105808195446e-05,4.886765075862139e-07,0.0,0.00018343290732625336,0.0016607402691211557,5.919801411943436e-05,1.0857466955042448e-05,1.316054780008394e-14,0.00012767704276595802,0.0,3.977837317405906e-07,1.5041327558467288e-09,0.0003792221035227327,0.001465943348983682,0.0018085163300806198
90,45.25,0.001397612368117387,5.112599738092085e-06,0.0007090764412764163,0.0016642374337514586,1.6051233163660933e-07,1.9461758285141602e-12,3.368955590346379e-12,0.0,2.8703451021393893e-11,0.0027224061887145138,6.631694315865744e-05,1.314685972094037e-10,2.8703451021393893e-11,3.8775023869598376e-05,0.0037538241798129707,4.344771133919093e-06,0.0019077560464103947,3.847872690896686e-09,0.000899054612291602,1.5179298214768607e-14,0.0001345086194956109,6.4036205750996125e-06,2.208899757183374e-05,0.001511386962129539,1.2948818892342289e-06,0.0,0.003616612703806603,0.0005415525676749994,6.000447415951458e-06,0.002646744662306117,2.1148049358874894e-07,0.0,0.006946025532009105,0.0,0.002313939330147067,1.667047292947915e-07,1.902379123354767e-05,4.253217073989572e-07,0.0,0.00017463817388514708,0.0016003908891574457,5.75579981691447e-05,1.0458984814849306e-05,1.0206979500937846e-14,0.00012459139269397056,0.0,3.454350544088595e-07,1.089912545607509e-09,0.00034861106885044534,0.0014382767965562485,0.0017780357085146836
91,45.75,0.0013171029138534136,3.6852637656865226e-06,0.0006285049439905807,0.0016196301750913554,1.2376864758741273e-07,1.45201386301088e-12,2.445844163030178e-12,0.0,2.2814211691444986e-11,0.002602705123543511,5.961257484939462e-05,1.0694176680583116e-10,2.2814211691444986e-11,3.7598051373649524e-05,0.003635354280964344,3.4085805740483447e-06,0.0018735808077535668,2.679917520698031e-09,0.0008791368386707279,1.0494628721548973e-14,0.00013134687146205628,5.29312490713258e-06,1.9676968286146138e-05,0.001484426910021233,1.1347601110340664e-06,0.0,0.0034283206167465183,0.0005142747073840999,5.320675562964255e-06,0.0025817375889609006,1.6176896650472351e-07,0.0,0.006481934328490773,0.0,0.0022625060099432243,1.3542815348583106e-07,1.3687004111969403e-05,3.701955438039332e-07,0.0,0.00016628226962921066,0.0015424333113865398,5.59813480746508e-05,1.0079556393054098e-05,7.93817574833068e-15,0.00012161550185504722,0.0,2.99987827740937e-07,7.898670468680128e-10,0.00032058707830275165,0.0014114156882832924,0.001748383636820603
92,46.25,0.001241081983026795,2.6574748408383595e-06,0.0005567289492505643,0.001576683952808396,9.516105620760941e-08,1.0834004322721536e-12,1.7758025503913815e-12,0.0,1.8136760439794595e-11,0.0024873043833979138,5.353354651755411e-05,8.700655451407169e-11,1.8136760439794595e-11,3.6469030834164194e-05,0.003520623556292856,2.674839890549784e-06,0.0018403793310372443,1.8591390098968078e-09,0.0008598696971136283,7.248819059694181e-15,0.00012829458699512773,4.366483833467607e-06,1.7545116089286796e-05,0.001458224494901283,9.945267967963448e-07,0.0,0.003249551943312798,0.0004884339213307551,4.71834998970302e-06,0.0025190077168089683,1.233820230791629e-07,0.0,0.006039301707425221,0.0,0.002212756308333523,1.1003192777612558e-07,9.852441882108408e-06,3.222270490201803e-07,0.0,0.00015834215079010863,0.0014867628469707364,5.4464938486148704e-05,9.718063819374609e-06,6.190425116631536e-15,0.00011874425628376888,0.0,2.6053034096316125e-07,5.724944821886879e-10,0.0002949230697289817,0.0013853285019369893,0.001719529212689648
93,46.75,0.0011693111878185512,1.9170507646230685e-06,0.0004928515960736064,0.0015353199527766306,7.295465057966061e-08,8.08418270535941e-13,1.2894132970937427e-12,0.0,1.4420988317254211e-11,0.00237609717559579,4.802728233775494e-05,7.0800146410586e-11,1.4420988317254211e-11,3.538552105945598e-05,0.003409513979996792,2.0995893385599416e-06,0.0018081137885974333,1.2846694663790677e-09,0.0008412252404542552,5.002064818977906e-15,0.00012534678733814547,3.5948790493427025e-06,1.5659117449477705e-05,0.001432750811995711,8.716989304204166e-07,0.0,0.0030798641504737657,0.00046395042223746144,4.184588317601275e-06,0.002458451942414592,9.382953586890934e-08,0.0,0.005618004476528881,0.0,0.0021646178014072207,8.940787246250897e-08,7.095598898839619e-06,2.8048497466684604e-07,0.0,0.00015079606412207502,0.0014332799119559628,5.300583084734066e-05,9.373466659941751e-06,4.8403111027503625e-15,0.00011597283489522723,0.0,2.2627160420853768e-07,4.14993962519205e-10,0.0002714124927387941,0.001359985258340736,0.0016914429924834958
94,47.25,0.0011015638303405748,1.3834161041432275e-06,0.0004360568365312297,0.0014954638884254524,5.576871356393551e-08,6.032696174335083e-13,9.363115929087965e-13,0.0,1.1468579082471672e-11,0.002268977277124497,4.3045029275889315e-05,5.762251960392657e-11,1.1468579082471672e-11,3.4345229435696825e-05,0.0033019112520080935,1.6484598810309006e-06,0.0017767482056515367,8.842182273573027e-10,0.0008231770034281524,3.4483419220246644e-15,0.00012249877304547466,2.953717703899158e-06,1.3989049294790393e-05,0.0014079783437181551,7.641053441955873e-07,0.0,0.002918830851030801,0.0004407491267942775,3.711534963672133e-06,0.002399972864700747,7.114714940780779e-08,0.0,0.00521783205490833,0.0,0.0021180219097390487,7.265720421058986e-08,5.112470516758636e-06,2.4415951381141475e-07,0.0,0.0001436234687154304,0.001381889749067967,5.1601260323588074e-05,9.044795751006323e-06,3.794516709402602e-15,0.00011329668967597729,0.0,1.965253209015289e-07,3.0085947978995454e-10,0.0002498674222722421,0.0013353574310031036,0.0016640969082263569
95,47.75,0.0010376244126837238,9.986617935873837e-07,0.00038560391893729967,0.001457045696328164,4.250803473831972e-08,4.5020920482497465e-13,6.799526697860449e-13,0.0,9.122245626046299e-12,0.002165839111090488,3.85416377179256e-05,4.6905592259225445e-11,9.122245626046299e-12,3.334600143589079e-05,0.0031977046803726137,1.2945692530576425e-06,0.0017462483511529179,6.061993773143764e-10,0.0008056999094809945,2.374911057260441e-15,0.0001197461054135284,2.422063603854963e-06,1.250880289185234e-05,0.0013838808797264435,6.698472796969218e-07,0.0,0.002766041709269589,0.00041875935916469163,3.2922413213662124e-06,0.002343478413559457,5.379042436282517e-08,0.0,0.004838493684367022,0.0,0.0020729036564187523,5.9050850599160775e-08,3.685167575187497e-06,2.1254642174889968e-07,0.0,0.00013680496300221232,0.0013325021664102557,5.024862377540553e-05,8.73114758610042e-06,2.982277194572804e-15,0.00011071152741435808,0.0,1.7069599466504293e-07,2.1814006443919614e-10,0.00023011684617954355,0.001311417861894756,0.0016374641901100385
96,48.25,0.0009772881597816991,7.211452240340013e-07,0.00034082194306303483,0.0014199992551763626,3.2306734345936713e-08,3.360038529659985e-13,4.938172542518584e-13,0.0,7.257211909246534e-12,0.0020665778231520817,3.447534923832508e-05,3.8188247906493684e-11,7.257211909246534e-12,3.238581096976474e-05,0.0030967870673438607,1.016882537240493e-06,0.001716581636135497,4.1396052277977785e-10,0.0007887701843376307,1.6340203515666821e-15,0.00011708458933478087,1.982136444397666e-06,1.1195578247997503e-05,0.0013604334423411126,5.872639773954561e-07,0.0,0.0026211022799293585,0.00039791457457315785,2.92056008226425e-06,0.002288881506223044,4.0549104304461005e-08,0.0,0.004479625746738118,0.0,0.0020292014426459707,4.799731167985185e-08,2.657403281050464e-06,1.850332195359348e-07,0.0,0.0001303222165724767,0.0012850312919270006,4.894546868348676e-05,8.431679201500368e-06,2.3497757747349357e-15,0.00010821329283546577,0.0,1.4826688544928096e-07,1.5818140627655715e-10,0.00021200511108922392,0.0012881406828940526,0.0016115192940944374
97,48.75,0.0009203605555904912,5.209050922704779e-07,0.00030110455068122865,0.0013842621261239176,2.4482493265722777e-08,2.5078440273608383e-13,3.5865957187288597e-13,0.0,5.774470002022531e-12,0.001971089357448011,3.080759178231153e-05,3.1096109653622336e-11,5.774470002022531e-12,3.146275149930788e-05,0.0029990545990729867,7.989339220693145e-07,0.0016877170189630757,2.815718663312754e-10,0.0007723652757772385,1.1231498763184466e-15,0.00011451025745160867,1.6188723263380998e-06,1.0029447713404243e-05,0.0013376122169166482,5.149026475818041e-07,0.0,0.0024836337900684,0.00037815210150881533,2.591052006831152e-06,0.002236099729059587,3.047794705301921e-08,0.0,0.004140799114181274,0.0,0.0019868568394492176,3.9016627725282306e-08,1.9169975585595244e-06,1.6108720610932953e-07,0.0,0.00012415790645094158,0.0012393953425780184,4.768948294076811e-05,8.145603510867822e-06,1.855969387204072e-15,0.00010579815301912979,0.0,1.2878956787769972e-07,1.1471552596232475e-10,0.00019539051217167742,0.0012655012424680147,0.0015862378342213857
98,49.25,0.00086665689295819,3.7637387424802337e-07,0.0002659048005413729,0.001349775312676717,1.849940364047278e-08,1.871899774021204e-13,2.605112596224898e-13,0.0,4.5954407973204806e-12,0.001879270531579328,2.7502782479194725e-05,2.5325156360815644e-11,4.5954407973204806e-12,3.057502785211809e-05,0.0029044067387814557,6.27829503812416e-07,0.00165962491694929,1.9076819667531578e-10,0.0007564637791107956,7.712322015628664e-16,0.00011201935549863785,1.3195392613239988e-06,8.992979075384293e-06,0.001315394486791164,4.514922595070112e-07,0.0,0.0023532728724671445,0.0003594129011951199,2.298903658221216e-06,0.0021850550426741576,2.2841133271792857e-08,0.0,0.0038215264643708022,0.0,0.0019458143942193715,3.171928864573177e-08,1.3833765653633612e-06,1.402450410642118e-07,0.0,0.00011829565751194192,0.0011955164072499948,4.6478485435338815e-05,7.872185045259472e-06,1.469470284613936e-15,0.00010346248299094217,0.0,1.1187487793463583e-07,8.320210710150694e-11,0.00018014401364079772,0.0012434760371922836,0.0015615965192918757
99,49.75,0.0008160018374493624,2.7201899570277347e-07,0.00023473026453534157,0.0013164830384766242,1.3937930712879907e-08,1.3973008091696011e-13,1.8923341321960573e-13,0.0,3.65774503766833e-12,0.0017910191102443631,2.452813824929017e-05,2.0628447348656495e-11,3.65774503766833e-12,2.9720948671340828e-05,0.002812746123306447,4.934689225549394e-07,0.0016322771238603281,1.2873853935923519e-10,0.0007410453679025985,5.290501275106845e-16,0.00010960832873287977,1.0734018188421955e-06,8.070909821316889e-06,0.0012937585724718261,3.959206588208811e-07,0.0,0.002229671258341012,0.0003416413430806298,2.039854793357869e-06,0.0021356735083932943,1.7067756634433136e-08,0.0,0.0035212694974343377,0.0,0.0019060214508664327,2.5789143599703773e-08,9.986324259522391e-07,1.2210369159647786e-07,0.0,0.00011271998673643528,0.0011533202424991612,4.531041735541756e-05,7.610736059384798e-06,1.1662095464631194e-15,0.00010120285238683405,0.0,9.718506278330845e-08,6.035183108067018e-11,0.00016614808798174884,0.0012220426477472686,0.0015375730935858248
